Handle,Url,TwitterName,Type,Party,PartyColor1,PartyColor2,PartyID,Website
@AlternativeUnge,https://twitter.com/AlternativeUnge,Alternativets Unge,Ungdomsparti,Alternativet,"""#00BE00""","""#000000""",√Ö,https://alternativetsunge.dk/
@alternativet_,https://twitter.com/alternativet_,Alternativet,Parti,Alternativet,"""#00BE00""","""#000000""",√Ö,https://alternativet.dk/
@uffeelbaek,https://twitter.com/uffeelbaek,Uffe Elb√¶k,MF,Alternativet,"""#00BE00""","""#000000""",√Ö,
@TorstenGejl,https://twitter.com/TorstenGejl,Torsten Gejl,MF,Alternativet,"""#00BE00""","""#000000""",√Ö,
@FranciskaRosenk,https://twitter.com/FranciskaRosenk,Franciska Rosenkilde,Leder,Alternativet,"""#00BE00""","""#000000""",√Ö,
@martinbornholm,https://twitter.com/martinbornholm,AlternativeMartin,Folketingskandidat,Alternativet,"""#00BE00""","""#000000""",√Ö,
@simon_nyborg,https://twitter.com/simon_nyborg,Simon Nyborg Jensen,Folketingskandidat,Alternativet,"""#00BE00""","""#000000""",√Ö,
@martin78,https://twitter.com/martin78,Martin Kj√¶rulff (√Ö),Folketingskandidat,Alternativet,"""#00BE00""","""#000000""",√Ö,
@Kophod,https://twitter.com/Kophod,Ole Dupont Kofod,Folketingskandidat,Alternativet,"""#00BE00""","""#000000""",√Ö,
@LindaFrlundHan1,https://twitter.com/LindaFrlundHan1,Linda Fr√∏lund Hansen,Folketingskandidat,Alternativet,"""#00BE00""","""#000000""",√Ö,
@tcjakobsen,https://twitter.com/tcjakobsen,Troels Chr. Jakobsen (√Ö),Folketingskandidat,Alternativet,"""#00BE00""","""#000000""",√Ö,
@OlumekoC,https://twitter.com/OlumekoC,Christina Olumeko (√Ö),Folketingskandidat,Alternativet,"""#00BE00""","""#000000""",√Ö,
@JonathanRies_,https://twitter.com/JonathanRies_,Jonathan Ries (√Ö),Folketingskandidat,Alternativet,"""#00BE00""","""#000000""",√Ö,
@HolstKehler,https://twitter.com/HolstKehler,Birgitte Kehler Holst,Folketingskandidat,Alternativet,"""#00BE00""","""#000000""",√Ö,
@SuperSejeJanK,https://twitter.com/SuperSejeJanK,Jan Kristoffersen (√Ö),Folketingskandidat,Alternativet,"""#00BE00""","""#000000""",√Ö,
@MetteBram,https://twitter.com/MetteBram,Mette Kaasfeldt Bram,Folketingskandidat,Alternativet,"""#00BE00""","""#000000""",√Ö,
@noahsturis,https://twitter.com/noahsturis,Noah Sturis,Folketingskandidat,Alternativet,"""#00BE00""","""#000000""",√Ö,
@MartinsAnnika,https://twitter.com/MartinsAnnika,Annika Martins (√Ö),Folketingskandidat,Alternativet,"""#00BE00""","""#000000""",√Ö,
@kimhjerrild,https://twitter.com/kimhjerrild,"Kim Hjerrild (√Ö) - FT-kandidat, tidl. BR-medlem mm",Folketingskandidat,Alternativet,"""#00BE00""","""#000000""",√Ö,
@LarsCorvinius,https://twitter.com/LarsCorvinius,Lars Corvinius Olesen,Folketingskandidat,Alternativet,"""#00BE00""","""#000000""",√Ö,
@belbooks,https://twitter.com/belbooks,Irina Bj√∏rn√∏,Folketingskandidat,Alternativet,"""#00BE00""","""#000000""",√Ö,
@jespercallesen,https://twitter.com/jespercallesen,jesper C,Folketingskandidat,Alternativet,"""#00BE00""","""#000000""",√Ö,
@SofieGroth1,https://twitter.com/SofieGroth1,Sofie Groth,Folketingskandidat,Alternativet,"""#00BE00""","""#000000""",√Ö,
@qasamnahmad,https://twitter.com/qasamnahmad,Qasam Nazir Ahmad,Folketingskandidat,Alternativet,"""#00BE00""","""#000000""",√Ö,
@stine_isaksen,https://twitter.com/stine_isaksen,Stine Isaksen (√Ö),Folketingskandidat,Alternativet,"""#00BE00""","""#000000""",√Ö,
@hcmolbech,https://twitter.com/hcmolbech,HC Molbech,Folketingskandidat,Alternativet,"""#00BE00""","""#000000""",√Ö,
@FogedRasmus,https://twitter.com/FogedRasmus,Rasmus Foged,Folketingskandidat,Alternativet,"""#00BE00""","""#000000""",√Ö,
@holstein_lars,https://twitter.com/holstein_lars,Lars Holstein,Folketingskandidat,Alternativet,"""#00BE00""","""#000000""",√Ö,
@plaetner,https://twitter.com/plaetner,Joachim P. Kjeldsen,Folketingskandidat,Alternativet,"""#00BE00""","""#000000""",√Ö,
@Ajsecobranding,https://twitter.com/Ajsecobranding,Anette Jensen Smith,Folketingskandidat,Alternativet,"""#00BE00""","""#000000""",√Ö,
@MhbLarsson,https://twitter.com/MhbLarsson,Mikkel H√∏j Bagger Larsson,Folketingskandidat,Alternativet,"""#00BE00""","""#000000""",√Ö,
@JefSeistrup,https://twitter.com/JefSeistrup,jef seistrup,Folketingskandidat,Alternativet,"""#00BE00""","""#000000""",√Ö,
@protein_of,https://twitter.com/protein_of,Nicklas Gjedsig - Alternativet,Folketingskandidat,Alternativet,"""#00BE00""","""#000000""",√Ö,
@JewkesAndrew,https://twitter.com/JewkesAndrew,Mark Andrew Jewkes,Folketingskandidat,Alternativet,"""#00BE00""","""#000000""",√Ö,
@claraw0lf,https://twitter.com/claraw0lf,Clara Wolf (√Ö),Folketingskandidat,Alternativet,"""#00BE00""","""#000000""",√Ö,
@HLiliendahl,https://twitter.com/HLiliendahl,Helene Liliendahl Brydensholt (√Ö),Folketingskandidat,Alternativet,"""#00BE00""","""#000000""",√Ö,
@AllonHSorensen,https://twitter.com/AllonHSorensen,Allon Hein S√∏rensen,Folketingskandidat,Alternativet,"""#00BE00""","""#000000""",√Ö,
@NHOERUP,https://twitter.com/NHOERUP,Nanna H√∏yrup- Alternativet,Folketingskandidat,Alternativet,"""#00BE00""","""#000000""",√Ö,
@NHakmann,https://twitter.com/NHakmann,Nicklas Hakmann,Folketingskandidat,Alternativet,"""#00BE00""","""#000000""",√Ö,
@morten_greve,https://twitter.com/morten_greve,Morten Greve,Folketingskandidat,Alternativet,"""#00BE00""","""#000000""",√Ö,
@KKockii,https://twitter.com/KKockii,Kirsten Kock,Folketingskandidat,Alternativet,"""#00BE00""","""#000000""",√Ö,
@JanAllanAnders1,https://twitter.com/JanAllanAnders1,Jan Allan Andersen (√Ö),Folketingskandidat,Alternativet,"""#00BE00""","""#000000""",√Ö,
@UMunksgaard,https://twitter.com/UMunksgaard,Ulla Munksgaard,Folketingskandidat,Alternativet,"""#00BE00""","""#000000""",√Ö,
@LRotfeldVGPT,https://twitter.com/LRotfeldVGPT,Liselotte Katarina Rotfeld - Veganerpartiet,Folketingskandidat,Alternativet,"""#00BE00""","""#000000""",√Ö,
@mmonberg,https://twitter.com/mmonberg,Michael Monberg - Alternativet,Folketingskandidat,Alternativet,"""#00BE00""","""#000000""",√Ö,
@LineGessoe,https://twitter.com/LineGessoe,Line Gess√∏ Hansen,Folketingskandidat,Alternativet,"""#00BE00""","""#000000""",√Ö,
@nilasnilas,https://twitter.com/nilasnilas,Nilas Bay-Foged (√Ö),Folketingskandidat,Alternativet,"""#00BE00""","""#000000""",√Ö,
@hfonsboel,https://twitter.com/hfonsboel,Hans Biering Fonsb√∏l,Folketingskandidat,Alternativet,"""#00BE00""","""#000000""",√Ö,
@BenjaminStran,https://twitter.com/BenjaminStran,Benjamin Strand Andersen,Folketingskandidat,Alternativet,"""#00BE00""","""#000000""",√Ö,
@lipula,https://twitter.com/lipula,Ane Line S√∏ndergaard,Folketingskandidat,Alternativet,"""#00BE00""","""#000000""",√Ö,
@nikoline2b,https://twitter.com/nikoline2b,Nikoline Erbs,Folketingskandidat,Alternativet,"""#00BE00""","""#000000""",√Ö,
@BlochMira,https://twitter.com/BlochMira,Mira Issa Bloch,Folketingskandidat,Alternativet,"""#00BE00""","""#000000""",√Ö,
@line_aaen,https://twitter.com/line_aaen,"Line Aaen ,- Alternativet",Folketingskandidat,Alternativet,"""#00BE00""","""#000000""",√Ö,
@Cborup2,https://twitter.com/Cborup2,CARSTEN BORUP,Folketingskandidat,Alternativet,"""#00BE00""","""#000000""",√Ö,
@HWium,https://twitter.com/HWium,Helle Wium,Folketingskandidat,Alternativet,"""#00BE00""","""#000000""",√Ö,
@Mads5408,https://twitter.com/Mads5408,Mads Damgaard Mortensen (√Ö),Folketingskandidat,Alternativet,"""#00BE00""","""#000000""",√Ö,
@skaarup_peter,https://twitter.com/skaarup_peter,Peter Skaarup,MF,Danmarksdemokraterne,"""#1171C2""","""#CE142B""",√Ü,
@AdsbolAdsbl,https://twitter.com/AdsbolAdsbl,Karina Adsb√∏l,MF,Danmarksdemokraterne,"""#1171C2""","""#CE142B""",√Ü,
@LiseBech,https://twitter.com/LiseBech,Lise Bech,MF,Danmarksdemokraterne,"""#1171C2""","""#CE142B""",√Ü,
@BentGsted,https://twitter.com/BentGsted,Bent B√∏gsted,MF,Danmarksdemokraterne,"""#1171C2""","""#CE142B""",√Ü,
@JThulesen,https://twitter.com/JThulesen,J H Thulesen Dahl,MF,Danmarksdemokraterne,"""#1171C2""","""#CE142B""",√Ü,
@EspersenSoren,https://twitter.com/EspersenSoren,S√∏ren Espersen,MF,Danmarksdemokraterne,"""#1171C2""","""#CE142B""",√Ü,
@flydtkjaer,https://twitter.com/flydtkjaer,Dennis Flydtkj√¶r,MF,Danmarksdemokraterne,"""#1171C2""","""#CE142B""",√Ü,
@Hans_Kr_Skibby,https://twitter.com/Hans_Kr_Skibby,Hans Kristian Skibby,MF,Danmarksdemokraterne,"""#1171C2""","""#CE142B""",√Ü,
@skaarup_peter,https://twitter.com/skaarup_peter,Peter Skaarup,MF,Danmarksdemokraterne,"""#1171C2""","""#CE142B""",√Ü,
@BetinaKastbjerg,https://twitter.com/BetinaKastbjerg,Betina Kastbjerg,Folketingskandidat,Danmarksdemokraterne,"""#1171C2""","""#CE142B""",√Ü,
@UKnudsen,https://twitter.com/UKnudsen,Ulrik Knudsen,Folketingskandidat,Danmarksdemokraterne,"""#1171C2""","""#CE142B""",√Ü,
@KennethFredslu1,https://twitter.com/KennethFredslu1,Kenneth Fredslund Petersen,Folketingskandidat,Danmarksdemokraterne,"""#1171C2""","""#CE142B""",√Ü,
@SusieJessen,https://twitter.com/SusieJessen,Susie Jessen,Folketingskandidat,Danmarksdemokraterne,"""#1171C2""","""#CE142B""",√Ü,
@mharpsoe,https://twitter.com/mharpsoe,Marlene Harps√∏e,Folketingskandidat,Danmarksdemokraterne,"""#1171C2""","""#CE142B""",√Ü,
@MetteQwinten,https://twitter.com/MetteQwinten,Mette Qwinten,Folketingskandidat,Danmarksdemokraterne,"""#1171C2""","""#CE142B""",√Ü,
@GisselmannOlsen,https://twitter.com/GisselmannOlsen,Claus Gisselmann - Danmarksdemokraterne,Folketingskandidat,Danmarksdemokraterne,"""#1171C2""","""#CE142B""",√Ü,
@VibekeBr,https://twitter.com/VibekeBr,Vibeke Br√∏nnum,Folketingskandidat,Danmarksdemokraterne,"""#1171C2""","""#CE142B""",√Ü,
@DFUngdom,https://twitter.com/DFUngdom,Dansk Folkepartis Ungdom,Ungdomsparti,Dansk Folkeparti,"""#0B5A8C""","""#CE142B""",O,
@DanskDf1995,https://twitter.com/DanskDf1995,Dansk Folkeparti,Parti,Dansk Folkeparti,"""#0B5A8C""","""#CE142B""",O,
@ReneChr67108814,https://twitter.com/ReneChr67108814,Rene‚Äô Christensen,MF,Dansk Folkeparti,"""#0B5A8C""","""#CE142B""",O,
@Eilersen_DF,https://twitter.com/Eilersen_DF,Susanne Eilersen,MF,Dansk Folkeparti,"""#0B5A8C""","""#CE142B""",O,
@Pia_Kjaersgaard,https://twitter.com/Pia_Kjaersgaard,Pia Kj√¶rsgaard,MF,Dansk Folkeparti,"""#0B5A8C""","""#CE142B""",O,
@MrMesserschmidt,https://twitter.com/MrMesserschmidt,Morten Messerschmidt,Leder,Dansk Folkeparti,"""#0B5A8C""","""#CE142B""",O,
@KofodPeter,https://twitter.com/KofodPeter,Peter Kofod(DF),Folketingskandidat,Dansk Folkeparti,"""#0B5A8C""","""#CE142B""",O,
@nanaharring,https://twitter.com/nanaharring,Nana Harring,Folketingskandidat,Dansk Folkeparti,"""#0B5A8C""","""#CE142B""",O,
@BirkholmDF,https://twitter.com/BirkholmDF,Majbritt Birkholm Dansk Folkeparti,Folketingskandidat,Dansk Folkeparti,"""#0B5A8C""","""#CE142B""",O,
@DanielssonRene,https://twitter.com/DanielssonRene,Rene Danielsson,Folketingskandidat,Dansk Folkeparti,"""#0B5A8C""","""#CE142B""",O,
@JannieBoegh,https://twitter.com/JannieBoegh,Jannie B√∏gh,Folketingskandidat,Dansk Folkeparti,"""#0B5A8C""","""#CE142B""",O,
@Kristensenberth,https://twitter.com/Kristensenberth,Kenneth K. Berth,Folketingskandidat,Dansk Folkeparti,"""#0B5A8C""","""#CE142B""",O,
@MereteDea,https://twitter.com/MereteDea,Merete Dea Larsen,Folketingskandidat,Dansk Folkeparti,"""#0B5A8C""","""#CE142B""",O,
@Cecilie_WK,https://twitter.com/Cecilie_WK,Cecilie Winther Kristensen,Folketingskandidat,Dansk Folkeparti,"""#0B5A8C""","""#CE142B""",O,
@Nick_Zimmermann,https://twitter.com/Nick_Zimmermann,Nick Zimmermann,Folketingskandidat,Dansk Folkeparti,"""#0B5A8C""","""#CE142B""",O,
@jose4015,https://twitter.com/jose4015,Josephine Alstrup,Folketingskandidat,Dansk Folkeparti,"""#0B5A8C""","""#CE142B""",O,
@LauraGuldager,https://twitter.com/LauraGuldager,Laura Guldager,Folketingskandidat,Dansk Folkeparti,"""#0B5A8C""","""#CE142B""",O,
@gelp0810,https://twitter.com/gelp0810,gert l√∏fgren Dansk folkeparti,Folketingskandidat,Dansk Folkeparti,"""#0B5A8C""","""#CE142B""",O,
@pr_st_kj_r,https://twitter.com/pr_st_kj_r,Erling Pr√¶stekj√¶r,Folketingskandidat,Dansk Folkeparti,"""#0B5A8C""","""#CE142B""",O,
@Mikkel_Dencker,https://twitter.com/Mikkel_Dencker,Mikkel Dencker,Folketingskandidat,Dansk Folkeparti,"""#0B5A8C""","""#CE142B""",O,
@malmberg_kim,https://twitter.com/malmberg_kim,Kim Malmberg Hansen,Folketingskandidat,Dansk Folkeparti,"""#0B5A8C""","""#CE142B""",O,
@AndersVistisen,https://twitter.com/AndersVistisen,Anders Vistisen,Folketingskandidat,Dansk Folkeparti,"""#0B5A8C""","""#CE142B""",O,
@VindJohn,https://twitter.com/VindJohn,df john Vind,Folketingskandidat,Dansk Folkeparti,"""#0B5A8C""","""#CE142B""",O,
@Birgitte1234,https://twitter.com/Birgitte1234,Birgitte Milling,Folketingskandidat,Dansk Folkeparti,"""#0B5A8C""","""#CE142B""",O,
@LBFruerboel,https://twitter.com/LBFruerboel,Lene Bagges√∏,Folketingskandidat,Dansk Folkeparti,"""#0B5A8C""","""#CE142B""",O,
@SorenRasmussenO,https://twitter.com/SorenRasmussenO,S√∏ren Rasmussen,Folketingskandidat,Dansk Folkeparti,"""#0B5A8C""","""#CE142B""",O,
@JonKrongaard,https://twitter.com/JonKrongaard,Jon Krongaard,Folketingskandidat,Dansk Folkeparti,"""#0B5A8C""","""#CE142B""",O,
@dflyck,https://twitter.com/dflyck,Brian Lyck J√∏rgensen - Dansk Folkeparti,Folketingskandidat,Dansk Folkeparti,"""#0B5A8C""","""#CE142B""",O,
@SimonHampe,https://twitter.com/SimonHampe,Simon Hampe,Folketingskandidat,Dansk Folkeparti,"""#0B5A8C""","""#CE142B""",O,
@PAdelsteen,https://twitter.com/PAdelsteen,Pia Adelsteen,Folketingskandidat,Dansk Folkeparti,"""#0B5A8C""","""#CE142B""",O,
@KerreboKim,https://twitter.com/KerreboKim,Kim Errebo,Folketingskandidat,Dansk Folkeparti,"""#0B5A8C""","""#CE142B""",O,
@CheanneNielsen1,https://twitter.com/CheanneNielsen1,Cheanne Nielsen DF,Folketingskandidat,Dansk Folkeparti,"""#0B5A8C""","""#CE142B""",O,
@AndersLadegaar1,https://twitter.com/AndersLadegaar1,Anders Ladegaard Bork,Folketingskandidat,Dansk Folkeparti,"""#0B5A8C""","""#CE142B""",O,
@DfkichKim,https://twitter.com/DfkichKim,Kim Christiansen,Folketingskandidat,Dansk Folkeparti,"""#0B5A8C""","""#CE142B""",O,
@johnbohansen7,https://twitter.com/johnbohansen7,John Bo Hansen,Folketingskandidat,Dansk Folkeparti,"""#0B5A8C""","""#CE142B""",O,
@SusanneDamsgaa1,https://twitter.com/SusanneDamsgaa1,Susanne Damsgaard,Folketingskandidat,Dansk Folkeparti,"""#0B5A8C""","""#CE142B""",O,
@sufnet,https://twitter.com/sufnet,SUF - Socialistisk Ungdomsfront,Ungdomsparti,Enhedslisten,"""#D20C54""","""#13A06B""",√ò,
@Enhedslisten,https://twitter.com/Enhedslisten,Enhedslisten,Parti,Enhedslisten,"""#D20C54""","""#13A06B""",√ò,
@EvaFlyvholm,https://twitter.com/EvaFlyvholm,Eva Flyvholm,MF,Enhedslisten,"""#D20C54""","""#13A06B""",√ò,
@pederhvelplund,https://twitter.com/pederhvelplund,Peder Hvelplund,MF,Enhedslisten,"""#D20C54""","""#13A06B""",√ò,
@hyllefar,https://twitter.com/hyllefar,Henning Hyllested,MF,Enhedslisten,"""#D20C54""","""#13A06B""",√ò,
@ChristianJuhl2,https://twitter.com/ChristianJuhl2,Christian Juhl,MF,Enhedslisten,"""#D20C54""","""#13A06B""",√ò,
@RosaLundEl,https://twitter.com/RosaLundEl,Rosa Lund,MF,Enhedslisten,"""#D20C54""","""#13A06B""",√ò,
@SorenEggeRasmus,https://twitter.com/SorenEggeRasmus,S√∏ren Egge Rasmussen,MF,Enhedslisten,"""#D20C54""","""#13A06B""",√ò,
@JonathanSimmel,https://twitter.com/JonathanSimmel,Jonathan Simmel,MF,Enhedslisten,"""#D20C54""","""#13A06B""",√ò,
@PSkipperEL,https://twitter.com/PSkipperEL,Pernille Skipper,MF,Enhedslisten,"""#D20C54""","""#13A06B""",√ò,
@JakobSoelvhoej,https://twitter.com/JakobSoelvhoej,Jakob S√∏lvh√∏j,MF,Enhedslisten,"""#D20C54""","""#13A06B""",√ò,
@SrenSndergaard3,https://twitter.com/SrenSndergaard3,S√∏ren S√∏ndergaard,MF,Enhedslisten,"""#D20C54""","""#13A06B""",√ò,
@VictoriaV_EL,https://twitter.com/VictoriaV_EL,Victoria Vel√°squez,MF,Enhedslisten,"""#D20C54""","""#13A06B""",√ò,
@MaiVilladsen,https://twitter.com/MaiVilladsen,Mai Villadsen,Leder,Enhedslisten,"""#D20C54""","""#13A06B""",√ò,
@laura_kofod,https://twitter.com/laura_kofod,Laura Kofod,Folketingskandidat,Enhedslisten,"""#D20C54""","""#13A06B""",√ò,
@NielsBLund,https://twitter.com/NielsBLund,Bjarne Lund,Folketingskandidat,Enhedslisten,"""#D20C54""","""#13A06B""",√ò,
@LeilaStockmarr,https://twitter.com/LeilaStockmarr,Leila Stockmarr,Folketingskandidat,Enhedslisten,"""#D20C54""","""#13A06B""",√ò,
@ibrahimbenli_,https://twitter.com/ibrahimbenli_,Ibrahim Benli,Folketingskandidat,Enhedslisten,"""#D20C54""","""#13A06B""",√ò,
@LouisJacobsen,https://twitter.com/LouisJacobsen,Louis Jacobsen,Folketingskandidat,Enhedslisten,"""#D20C54""","""#13A06B""",√ò,
@Anna_berg_,https://twitter.com/Anna_berg_,Anna Berg,Folketingskandidat,Enhedslisten,"""#D20C54""","""#13A06B""",√ò,
@seenflotdelfin,https://twitter.com/seenflotdelfin,Emil Samaras Eriksen,Folketingskandidat,Enhedslisten,"""#D20C54""","""#13A06B""",√ò,
@DortheHecht,https://twitter.com/DortheHecht,Dorthe Hecht,Folketingskandidat,Enhedslisten,"""#D20C54""","""#13A06B""",√ò,
@TClausen_,https://twitter.com/TClausen_,Tobias Clausen,Folketingskandidat,Enhedslisten,"""#D20C54""","""#13A06B""",√ò,
@m_vinther,https://twitter.com/m_vinther,Mathilde Vinther,Folketingskandidat,Enhedslisten,"""#D20C54""","""#13A06B""",√ò,
@Stefanrundstrom,https://twitter.com/Stefanrundstrom,Stefan Rundstr√∏m,Folketingskandidat,Enhedslisten,"""#D20C54""","""#13A06B""",√ò,
@stine_ry,https://twitter.com/stine_ry,Stine Ry Andersen,Folketingskandidat,Enhedslisten,"""#D20C54""","""#13A06B""",√ò,
@pia_thorsen,https://twitter.com/pia_thorsen,Pia Thorsen,Folketingskandidat,Enhedslisten,"""#D20C54""","""#13A06B""",√ò,
@toftlind,https://twitter.com/toftlind,Janne Toft-Lind,Folketingskandidat,Enhedslisten,"""#D20C54""","""#13A06B""",√ò,
@SinemKirazDemir,https://twitter.com/SinemKirazDemir,Sinem Demir,Folketingskandidat,Enhedslisten,"""#D20C54""","""#13A06B""",√ò,
@ThueLundgaard,https://twitter.com/ThueLundgaard,Thue lundgaard,Folketingskandidat,Enhedslisten,"""#D20C54""","""#13A06B""",√ò,
@AnnieHagel,https://twitter.com/AnnieHagel,Annie Hagel,Folketingskandidat,Enhedslisten,"""#D20C54""","""#13A06B""",√ò,
@trinemach,https://twitter.com/trinemach,Trine Pertou Mach,Folketingskandidat,Enhedslisten,"""#D20C54""","""#13A06B""",√ò,
@ludmilaplenges,https://twitter.com/ludmilaplenges,Ludmila Plenge,Folketingskandidat,Enhedslisten,"""#D20C54""","""#13A06B""",√ò,
@AnmaAlm,https://twitter.com/AnmaAlm,Anders Marchsteiner,Folketingskandidat,Enhedslisten,"""#D20C54""","""#13A06B""",√ò,
@RasmusVMadsen,https://twitter.com/RasmusVMadsen,Rasmus Vestergaard Madsen,Folketingskandidat,Enhedslisten,"""#D20C54""","""#13A06B""",√ò,
@selmaboloe,https://twitter.com/selmaboloe,Selma Bol√∏,Folketingskandidat,Enhedslisten,"""#D20C54""","""#13A06B""",√ò,
@filbaert,https://twitter.com/filbaert,Jan Filb√¶rt,Folketingskandidat,Enhedslisten,"""#D20C54""","""#13A06B""",√ò,
@HeleneAppel,https://twitter.com/HeleneAppel,Helene Appel,Folketingskandidat,Enhedslisten,"""#D20C54""","""#13A06B""",√ò,
BennyDall,https://twitter.com/BennyDall,Benny Dall,Folketingskandidat,Enhedslisten,"""#D20C54""","""#13A06B""",√ò,
@sabrinalouisec,https://twitter.com/sabrinalouisec,Sabrina Louise Christiansen,Folketingskandidat,Enhedslisten,"""#D20C54""","""#13A06B""",√ò,
@MariaTemponeras,https://twitter.com/MariaTemponeras,Maria Temponeras,Folketingskandidat,Enhedslisten,"""#D20C54""","""#13A06B""",√ò,
@PeterSigPolitik,https://twitter.com/PeterSigPolitik,Peter Sig Kristensen,Folketingskandidat,Enhedslisten,"""#D20C54""","""#13A06B""",√ò,
@annehegelund89,https://twitter.com/annehegelund89,Anne Hegelund,Folketingskandidat,Enhedslisten,"""#D20C54""","""#13A06B""",√ò,
@Kristjar,https://twitter.com/Kristjar,Kristjar Skajaa,Folketingskandidat,Enhedslisten,"""#D20C54""","""#13A06B""",√ò,
@RasmusVinther2,https://twitter.com/RasmusVinther2,Rasmus Vinther,Folketingskandidat,Enhedslisten,"""#D20C54""","""#13A06B""",√ò,
@friegronne,https://twitter.com/friegronne,"Frie Gr√∏nne, Danmarks Nye Venstrefl√∏jsparti",Parti,Frie Gr√∏nne,"""#E7CCC7""","""#A9C1B3""",Q,
@SikandaSIDDIQUE,https://twitter.com/SikandaSIDDIQUE,Sikandar Siddique,Leder,Frie Gr√∏nne,"""#E7CCC7""","""#A9C1B3""",Q,
@Susanne_Zimmer_,https://twitter.com/Susanne_Zimmer_,Susanne Zimmer,MF,Frie Gr√∏nne,"""#E7CCC7""","""#A9C1B3""",Q,
@KarinaDammand,https://twitter.com/KarinaDammand,Karina,Folketingskandidat,Frie Gr√∏nne,"""#E7CCC7""","""#A9C1B3""",Q,
@EBjerkrheim,https://twitter.com/EBjerkrheim,Elise Bjerkrheim (Q),Folketingskandidat,Frie Gr√∏nne,"""#E7CCC7""","""#A9C1B3""",Q,
@RajeshHolmen,https://twitter.com/RajeshHolmen,Rajesh Holmen (ùêê),Folketingskandidat,Frie Gr√∏nne,"""#E7CCC7""","""#A9C1B3""",Q,
@ashamaghanadeem,https://twitter.com/ashamaghanadeem,Asham Agha Nadeem,Folketingskandidat,Frie Gr√∏nne,"""#E7CCC7""","""#A9C1B3""",Q,
@Mohamed29343260,https://twitter.com/Mohamed29343260,Mohamed Abdikarim,Folketingskandidat,Frie Gr√∏nne,"""#E7CCC7""","""#A9C1B3""",Q,
@Henriksen1Lars,https://twitter.com/Henriksen1Lars,Lars Henriksen he/him,Folketingskandidat,Frie Gr√∏nne,"""#E7CCC7""","""#A9C1B3""",Q,
@_Yadvindersingh,https://twitter.com/_Yadvindersingh,Yadvinder Singh (ùêê),Folketingskandidat,Frie Gr√∏nne,"""#E7CCC7""","""#A9C1B3""",Q,
@MarianneKarlbe2,https://twitter.com/MarianneKarlbe2,Marianne Karlberg,Folketingskandidat,Frie Gr√∏nne,"""#E7CCC7""","""#A9C1B3""",Q,
@nikogrunfeld,https://twitter.com/nikogrunfeld,Niko Gr√ºnfeld,Folketingskandidat,Frie Gr√∏nne,"""#E7CCC7""","""#A9C1B3""",Q,
@tomicicdaniel,https://twitter.com/tomicicdaniel,Daniel Tomicic,Folketingskandidat,Frie Gr√∏nne,"""#E7CCC7""","""#A9C1B3""",Q,
@nour_elzeftawy,https://twitter.com/nour_elzeftawy,Nour Elzeftawy,Folketingskandidat,Frie Gr√∏nne,"""#E7CCC7""","""#A9C1B3""",Q,
@Esr_Ocak,https://twitter.com/Esr_Ocak,Esra Ocak,Folketingskandidat,Frie Gr√∏nne,"""#E7CCC7""","""#A9C1B3""",Q,
@AhmetUzumcuFG,https://twitter.com/AhmetUzumcuFG,Ahmet √úz√ºmc√º (Q),Folketingskandidat,Frie Gr√∏nne,"""#E7CCC7""","""#A9C1B3""",Q,
@AliKhatib95,https://twitter.com/AliKhatib95,Ali Khatib (Q),Folketingskandidat,Frie Gr√∏nne,"""#E7CCC7""","""#A9C1B3""",Q,
@AajaCL,https://twitter.com/AajaCL,Aaja Chemnitz Larsen,MF,Inuit Ataqatigiit,Nordatlanten,Nordatlanten,Nordatlanten,
@InuitAtaqatigi1,https://twitter.com/InuitAtaqatigi1,Inuit Ataqatigiit,Parti,Inuit Ataqatigiit,Nordatlanten,Nordatlanten,Nordatlanten,
@KU_DK,https://twitter.com/KU_DK,Konservativ Ungdom,Ungdomsparti,Konservative,"""#01583C""","""#9ED195""",C,
@KonservativeDK,https://twitter.com/KonservativeDK,Det Konservative Folkeparti,Parti,Konservative,"""#01583C""","""#9ED195""",C,https://konservative.dk/
@SorenPape,https://twitter.com/SorenPape,S√∏ren Pape Poulsen,Leder,Konservative,"""#01583C""","""#9ED195""",C,
@_MaiMercado,https://twitter.com/_MaiMercado,Mai Mercado,MF,Konservative,"""#01583C""","""#9ED195""",C,
@RasmusJarlov,https://twitter.com/RasmusJarlov,Rasmus Jarlov,MF,Konservative,"""#01583C""","""#9ED195""",C,
@metteabildgaard,https://twitter.com/metteabildgaard,Mette Abildgaard,MF,Konservative,"""#01583C""","""#9ED195""",C,
@BirgitteBergman,https://twitter.com/BirgitteBergman,Birgitte Bergman,MF,Konservative,"""#01583C""","""#9ED195""",C,
@JerkelK,https://twitter.com/JerkelK,Brigitte K. Jerkel,MF,Konservative,"""#01583C""","""#9ED195""",C,
@brittbager,https://twitter.com/brittbager,Britt Bager,MF,Konservative,"""#01583C""","""#9ED195""",C,
@Ammitzboell_K,https://twitter.com/Ammitzboell_K,KatarinaAmmitzboell,MF,Konservative,"""#01583C""","""#9ED195""",C,
@MarcusKnuth1,https://twitter.com/MarcusKnuth1,Marcus Knuth,MF,Konservative,"""#01583C""","""#9ED195""",C,
@GitteWillumsen1,https://twitter.com/GitteWillumsen1,Gitte Willumsen,MF,Konservative,"""#01583C""","""#9ED195""",C,
@JuulMona,https://twitter.com/JuulMona,Mona Juul,MF,Konservative,"""#01583C""","""#9ED195""",C,
@PerLarsenC,https://twitter.com/PerLarsenC,Per Larsen,MF,Konservative,"""#01583C""","""#9ED195""",C,
@NielsFlemming01,https://twitter.com/NielsFlemming01,Niels Flemming Hansen,MF,Konservative,"""#01583C""","""#9ED195""",C,
@HenrietteVind,https://twitter.com/HenrietteVind,Henriette S√∏vind,Folketingskandidat,Konservative,"""#01583C""","""#9ED195""",C,
@Guldfeldt,https://twitter.com/Guldfeldt,Kristian Guldfeldt,Folketingskandidat,Konservative,"""#01583C""","""#9ED195""",C,
@AJohanssonC,https://twitter.com/AJohanssonC,Anders Johansson,Folketingskandidat,Konservative,"""#01583C""","""#9ED195""",C,
@JoachimTHP,https://twitter.com/JoachimTHP,Joachim Torp Hoffmann-Petersen,Folketingskandidat,Konservative,"""#01583C""","""#9ED195""",C,
@AnneFiber,https://twitter.com/AnneFiber,Anne Fiber,Folketingskandidat,Konservative,"""#01583C""","""#9ED195""",C,
@TobiasBennedsen,https://twitter.com/TobiasBennedsen,Tobias Bennedsen,Folketingskandidat,Konservative,"""#01583C""","""#9ED195""",C,
@Emil150302,https://twitter.com/Emil150302,Emil Holbech Hansen,Folketingskandidat,Konservative,"""#01583C""","""#9ED195""",C,
@hannebjornk,https://twitter.com/hannebjornk,Hanne Bj√∏rn,Folketingskandidat,Konservative,"""#01583C""","""#9ED195""",C,
@HenrikSoerensen,https://twitter.com/HenrikSoerensen,HenrikSoerensen,Folketingskandidat,Konservative,"""#01583C""","""#9ED195""",C,
@MagnusVonDrei,https://twitter.com/MagnusVonDrei,Magnus Von Dreiager,Folketingskandidat,Konservative,"""#01583C""","""#9ED195""",C,
@Scheelsbeck,https://twitter.com/Scheelsbeck,Merete Scheelsbeck,Folketingskandidat,Konservative,"""#01583C""","""#9ED195""",C,
@r_rugaard,https://twitter.com/r_rugaard,Michael R Rugaard,Folketingskandidat,Konservative,"""#01583C""","""#9ED195""",C,
@AKroyerL,https://twitter.com/AKroyerL,Anders Kr√∏yer,Folketingskandidat,Konservative,"""#01583C""","""#9ED195""",C,
@casperohlers,https://twitter.com/casperohlers,Casper √òhlers,Folketingskandidat,Konservative,"""#01583C""","""#9ED195""",C,
@Helle_Bonnesen,https://twitter.com/Helle_Bonnesen,Helle Bonnesen (C),Folketingskandidat,Konservative,"""#01583C""","""#9ED195""",C,
@HelleJoench,https://twitter.com/HelleJoench,Helle J√∏nch,Folketingskandidat,Konservative,"""#01583C""","""#9ED195""",C,
@lauralindahl,https://twitter.com/lauralindahl,Laura Lindahl,Folketingskandidat,Konservative,"""#01583C""","""#9ED195""",C,
@NicolaELarsen,https://twitter.com/NicolaELarsen,Nicola Emily Larsen,Folketingskandidat,Konservative,"""#01583C""","""#9ED195""",C,
@nikolajbogh,https://twitter.com/nikolajbogh,Nikolaj B√∏gh,Folketingskandidat,Konservative,"""#01583C""","""#9ED195""",C,
@StakemannPeter,https://twitter.com/StakemannPeter,Peter Stakemann,Folketingskandidat,Konservative,"""#01583C""","""#9ED195""",C,
@ricodjernis,https://twitter.com/ricodjernis,Rico Djernis,Folketingskandidat,Konservative,"""#01583C""","""#9ED195""",C,
@JakobAxel67,https://twitter.com/JakobAxel67,Jakob Axel Nielsen,Folketingskandidat,Konservative,"""#01583C""","""#9ED195""",C,
@jenshenrikkirk,https://twitter.com/jenshenrikkirk,Jens-Henrik Kirk,Folketingskandidat,Konservative,"""#01583C""","""#9ED195""",C,
@LeneBurchardt,https://twitter.com/LeneBurchardt,Lene Burchardt,Folketingskandidat,Konservative,"""#01583C""","""#9ED195""",C,
@miatangdenmark,https://twitter.com/miatangdenmark,Mia Tang - journalist og konservativ debatt√∏r,Folketingskandidat,Konservative,"""#01583C""","""#9ED195""",C,
@BusterReinhardt,https://twitter.com/BusterReinhardt,C. Buster Reinhardt,Folketingskandidat,Konservative,"""#01583C""","""#9ED195""",C,
@EHulgaard,https://twitter.com/EHulgaard,Egil Hulgaard,Folketingskandidat,Konservative,"""#01583C""","""#9ED195""",C,
@NikolajBlueeyes,https://twitter.com/NikolajBlueeyes,Nikolaj Frederiksen,Folketingskandidat,Konservative,"""#01583C""","""#9ED195""",C,
@AndreasEKarlsen,https://twitter.com/AndreasEKarlsen,Andreas Karlsen,Folketingskandidat,Konservative,"""#01583C""","""#9ED195""",C,
@annettejuhlers,https://twitter.com/annettejuhlers,Annette Juhler Kj√¶r,Folketingskandidat,Konservative,"""#01583C""","""#9ED195""",C,
@frupetersen,https://twitter.com/frupetersen,Helle Laursen Petersen,Folketingskandidat,Konservative,"""#01583C""","""#9ED195""",C,
@MadsAndersenC,https://twitter.com/MadsAndersenC,Mads C. Andersen,Folketingskandidat,Konservative,"""#01583C""","""#9ED195""",C,
@silberg_mads,https://twitter.com/silberg_mads,Mads Silberg,Folketingskandidat,Konservative,"""#01583C""","""#9ED195""",C,
@sancoeur,https://twitter.com/sancoeur,Regitze Harslund Sancoeur,Folketingskandidat,Konservative,"""#01583C""","""#9ED195""",C,
@runekdk,https://twitter.com/runekdk,Rune Kristensen,Folketingskandidat,Konservative,"""#01583C""","""#9ED195""",C,
@kongendk1,https://twitter.com/kongendk1,Dan Foss Kragh,Folketingskandidat,Konservative,"""#01583C""","""#9ED195""",C,
@FrederikMnster,https://twitter.com/FrederikMnster,Frederik Bloch M√ºnster,Folketingskandidat,Konservative,"""#01583C""","""#9ED195""",C,
@DrDahlberg,https://twitter.com/DrDahlberg,Rasmus Dahlberg,Folketingskandidat,Konservative,"""#01583C""","""#9ED195""",C,
@sandkrabben,https://twitter.com/sandkrabben,Rasmus Sandvej,Folketingskandidat,Konservative,"""#01583C""","""#9ED195""",C,
@RikkeNorlyk,https://twitter.com/RikkeNorlyk,Rikke Norlyk,Folketingskandidat,Konservative,"""#01583C""","""#9ED195""",C,
@steenHiversen,https://twitter.com/steenHiversen,Steen Holm Iversen,Folketingskandidat,Konservative,"""#01583C""","""#9ED195""",C,
@nkokdm,https://twitter.com/nkokdm,Dina Raabjerg,Folketingskandidat,Konservative,"""#01583C""","""#9ED195""",C,
@MICHAEL_NORUP_,https://twitter.com/MICHAEL_NORUP_,MICHAEL NORUP,Folketingskandidat,Konservative,"""#01583C""","""#9ED195""",C,
@AndersKLund,https://twitter.com/AndersKLund,Anders Krojgaard Lund,Folketingskandidat,Konservative,"""#01583C""","""#9ED195""",C,
@Printzen72,https://twitter.com/Printzen72,Heidi Printzen,Folketingskandidat,Konservative,"""#01583C""","""#9ED195""",C,
@IsabellaArendt,https://twitter.com/IsabellaArendt,Isabella Arendt,Folketingskandidat,Konservative,"""#01583C""","""#9ED195""",C,
@KlausNyengaard,https://twitter.com/KlausNyengaard,Klaus Nyengaard,Folketingskandidat,Konservative,"""#01583C""","""#9ED195""",C,
@gmpconsult_dk,https://twitter.com/gmpconsult_dk,kristian damsgaard,Folketingskandidat,Konservative,"""#01583C""","""#9ED195""",C,
@sorenvanting,https://twitter.com/sorenvanting,Vanting,Folketingskandidat,Konservative,"""#01583C""","""#9ED195""",C,
@KDpolitik,https://twitter.com/KDpolitik,Kristendemokraterne,Parti,Kristendemokraterne,"""#53619B""","""#2F3C55""",K,https://kd.dk/
@MKarlsmose,https://twitter.com/MKarlsmose,Marianne Karlsmose,Leder,Kristendemokraterne,"""#53619B""","""#2F3C55""",K,
@Bjarne_HK,https://twitter.com/Bjarne_HK,Bjarne H. Kirkegaard,Folketingskandidat,Kristendemokraterne,"""#53619B""","""#2F3C55""",K,
@KD_Mwest,https://twitter.com/KD_Mwest,Michelle West,Folketingskandidat,Kristendemokraterne,"""#53619B""","""#2F3C55""",K,
@BozoJamil,https://twitter.com/BozoJamil,jenan jamil bozo,Folketingskandidat,Kristendemokraterne,"""#53619B""","""#2F3C55""",K,
@BoletteWestphal,https://twitter.com/BoletteWestphal,Bolette von Westphal,Folketingskandidat,Kristendemokraterne,"""#53619B""","""#2F3C55""",K,
@EsbenFreJohnsen,https://twitter.com/EsbenFreJohnsen,Esben Frette Johnsen,Folketingskandidat,Kristendemokraterne,"""#53619B""","""#2F3C55""",K,
@JesperHousgaard,https://twitter.com/JesperHousgaard,Jesper Housgaard,Folketingskandidat,Kristendemokraterne,"""#53619B""","""#2F3C55""",K,
@tinamoerk61,https://twitter.com/tinamoerk61,Tina m√∏rk,Folketingskandidat,Kristendemokraterne,"""#53619B""","""#2F3C55""",K,
@StigGrenov,https://twitter.com/StigGrenov,Stig Grenov,Folketingskandidat,Kristendemokraterne,"""#53619B""","""#2F3C55""",K,
@john_haugegaard,https://twitter.com/john_haugegaard,John Haugegaard,Folketingskandidat,Kristendemokraterne,"""#53619B""","""#2F3C55""",K,
@guldfred,https://twitter.com/guldfred,eva guldfred,Folketingskandidat,Kristendemokraterne,"""#53619B""","""#2F3C55""",K,
@Sommerbirk,https://twitter.com/Sommerbirk,Marcus Sommerbirk,Folketingskandidat,Kristendemokraterne,"""#53619B""","""#2F3C55""",K,
@H_Hjortshoej,https://twitter.com/H_Hjortshoej,Henrik Hjortsh√∏j,Folketingskandidat,Kristendemokraterne,"""#53619B""","""#2F3C55""",K,
@HannaLyng,https://twitter.com/HannaLyng,Hanna-Maria Smed Molte Lyng,Folketingskandidat,Kristendemokraterne,"""#53619B""","""#2F3C55""",K,
@uhoc1949,https://twitter.com/uhoc1949,Henning √òstergaard,Folketingskandidat,Kristendemokraterne,"""#53619B""","""#2F3C55""",K,
@LiberalUngdomDK,https://twitter.com/LiberalUngdomDK,Liberal Alliances Ungdom,Ungdomsparti,Liberal Alliance,"""#F0B340""","""#012945""",I,
@LiberalAlliance,https://twitter.com/LiberalAlliance,Liberal Alliance,Parti,Liberal Alliance,"""#F0B340""","""#012945""",I,https://www.liberalalliance.dk/
@SociologenHD,https://twitter.com/SociologenHD,Henrik Dahl,MF,Liberal Alliance,"""#F0B340""","""#012945""",I,
@olebirkolesen,https://twitter.com/olebirkolesen,Ole Birk Olesen,MF,Liberal Alliance,"""#F0B340""","""#012945""",I,
@AlexVanopslagh,https://twitter.com/AlexVanopslagh,Alex Vanopslagh,Leder,Liberal Alliance,"""#F0B340""","""#012945""",I,
@solbjorgLA,https://twitter.com/solbjorgLA,S√≥lbj√∏rg Jakobsen,Folketingskandidat,Liberal Alliance,"""#F0B340""","""#012945""",I,
@MartinNbech,https://twitter.com/MartinNbech,Martin Bech,Folketingskandidat,Liberal Alliance,"""#F0B340""","""#012945""",I,
@KH_SkatkaHammer,https://twitter.com/KH_SkatkaHammer,Kenneth Skatka Hammer,Folketingskandidat,Liberal Alliance,"""#F0B340""","""#012945""",I,
@MichelThrysoee,https://twitter.com/MichelThrysoee,Michel Thrys√∏e,Folketingskandidat,Liberal Alliance,"""#F0B340""","""#012945""",I,
@VHorsted,https://twitter.com/VHorsted,Victor Horsted,Folketingskandidat,Liberal Alliance,"""#F0B340""","""#012945""",I,
@carstenbachft,https://twitter.com/carstenbachft,Carsten Bach,Folketingskandidat,Liberal Alliance,"""#F0B340""","""#012945""",I,
@tjliberal,https://twitter.com/tjliberal,Thorbj√∏rn Jacobsen,Folketingskandidat,Liberal Alliance,"""#F0B340""","""#012945""",I,
@JmMeilvang,https://twitter.com/JmMeilvang,Jens Meilvang,Folketingskandidat,Liberal Alliance,"""#F0B340""","""#012945""",I,
@steffengj,https://twitter.com/steffengj,steffen jespersen,Folketingskandidat,Liberal Alliance,"""#F0B340""","""#012945""",I,
@kv01060817,https://twitter.com/kv01060817,Kurt Vind Christians,Folketingskandidat,Liberal Alliance,"""#F0B340""","""#012945""",I,
@CarlAndersenLA,https://twitter.com/CarlAndersenLA,Carl Andersen,Folketingskandidat,Liberal Alliance,"""#F0B340""","""#012945""",I,
@TobiasPagh,https://twitter.com/TobiasPagh,Tobias Pagh,Folketingskandidat,Liberal Alliance,"""#F0B340""","""#012945""",I,
@KimAlexander,https://twitter.com/KimAlexander,Kim Alexander Jensen,Folketingskandidat,Liberal Alliance,"""#F0B340""","""#012945""",I,
@KennethKirkeby,https://twitter.com/KennethKirkeby,Kenneth Kirkeby,Folketingskandidat,Liberal Alliance,"""#F0B340""","""#012945""",I,
@KirkebyAnders,https://twitter.com/KirkebyAnders,Anders Kirkeby,Folketingskandidat,Liberal Alliance,"""#F0B340""","""#012945""",I,
@silke_hein,https://twitter.com/silke_hein,Silke Anna Hein,Folketingskandidat,Liberal Alliance,"""#F0B340""","""#012945""",I,
@MunkChristoffer,https://twitter.com/MunkChristoffer,Christoffer Munk,Folketingskandidat,Liberal Alliance,"""#F0B340""","""#012945""",I,
@LarsChristianB5,https://twitter.com/LarsChristianB5,Lars-Christian Brask,Folketingskandidat,Liberal Alliance,"""#F0B340""","""#012945""",I,
@xSkalvig,https://twitter.com/xSkalvig,Sandra Elisabeth Skalvig,Folketingskandidat,Liberal Alliance,"""#F0B340""","""#012945""",I,
@NikolajVester,https://twitter.com/NikolajVester,DarthVester,Folketingskandidat,Liberal Alliance,"""#F0B340""","""#012945""",I,
@NSA42,https://twitter.com/NSA42,Nicolai Sandager,Folketingskandidat,Liberal Alliance,"""#F0B340""","""#012945""",I,
@FHG1996,https://twitter.com/FHG1996,Frederik Gr√ºnfeld,Folketingskandidat,Liberal Alliance,"""#F0B340""","""#012945""",I,
@louie_andersen,https://twitter.com/louie_andersen,louie andersen,Folketingskandidat,Liberal Alliance,"""#F0B340""","""#012945""",I,
@riisbernickow,https://twitter.com/riisbernickow,Joachim Riis-Bernickow,Folketingskandidat,Liberal Alliance,"""#F0B340""","""#012945""",I,
@HenrikThomsen18,https://twitter.com/HenrikThomsen18,Henrik Thomsen,Folketingskandidat,Liberal Alliance,"""#F0B340""","""#012945""",I,
@SteffenFrolund,https://twitter.com/SteffenFrolund,Steffen W. Fr√∏lund,Folketingskandidat,Liberal Alliance,"""#F0B340""","""#012945""",I,
@KimBjoernstrup,https://twitter.com/KimBjoernstrup,Kim Bjoernstrup,Folketingskandidat,Liberal Alliance,"""#F0B340""","""#012945""",I,
@LarsHolmqvist,https://twitter.com/LarsHolmqvist,Lars H√∏yer Holmqvist,Folketingskandidat,Liberal Alliance,"""#F0B340""","""#012945""",I,
@Sjorslev_,https://twitter.com/Sjorslev_,Steffen Sj√∏rslev,Folketingskandidat,Liberal Alliance,"""#F0B340""","""#012945""",I,
@porsborgstrik,https://twitter.com/porsborgstrik,Marianne Damgaard Porsborg,Folketingskandidat,Liberal Alliance,"""#F0B340""","""#012945""",I,
@josephine_svane,https://twitter.com/josephine_svane,Josephine Svane,Folketingskandidat,Liberal Alliance,"""#F0B340""","""#012945""",I,
@S_B_Larsen,https://twitter.com/S_B_Larsen,Steffen Larsen,Folketingskandidat,Liberal Alliance,"""#F0B340""","""#012945""",I,
@SrenSchmidtAnd1,https://twitter.com/SrenSchmidtAnd1,S√∏ren Schmidt-Andersen,Folketingskandidat,Liberal Alliance,"""#F0B340""","""#012945""",I,
@Ibsen2860LA,https://twitter.com/Ibsen2860LA,David Ibsen,Folketingskandidat,Liberal Alliance,"""#F0B340""","""#012945""",I,
@EbbesenSiv,https://twitter.com/EbbesenSiv,Louise Siv Ebbesen,Folketingskandidat,Liberal Alliance,"""#F0B340""","""#012945""",I,
@dkmalkowski,https://twitter.com/dkmalkowski,Danny Malkowski,Folketingskandidat,Liberal Alliance,"""#F0B340""","""#012945""",I,
@alexanderryle,https://twitter.com/alexanderryle,Alexander Ryle,Folketingskandidat,Liberal Alliance,"""#F0B340""","""#012945""",I,
@riegelshjorth,https://twitter.com/riegelshjorth,Christian Riegels Hjorth,Folketingskandidat,Liberal Alliance,"""#F0B340""","""#012945""",I,
@ammitzbollbille,https://twitter.com/ammitzbollbille,Simon Emil Ammitzb√∏ll-Bille,MF,L√∏sg√¶nger,L√∏sg√¶nger,L√∏sg√¶nger,L√∏sg√¶nger,
@Blixt22,https://twitter.com/Blixt22,Liselott Blixt,MF,L√∏sg√¶nger,L√∏sg√¶nger,L√∏sg√¶nger,L√∏sg√¶nger,
@MarieKrarup,https://twitter.com/MarieKrarup,Marie Krarup,MF,L√∏sg√¶nger,L√∏sg√¶nger,L√∏sg√¶nger,L√∏sg√¶nger,
@rohde_jens,https://twitter.com/rohde_jens,Jens Rohde,MF,L√∏sg√¶nger,L√∏sg√¶nger,L√∏sg√¶nger,L√∏sg√¶nger,
@orlaosterby,https://twitter.com/orlaosterby,Orla √òsterby,MF,L√∏sg√¶nger,L√∏sg√¶nger,L√∏sg√¶nger,L√∏sg√¶nger,
@moderaterne_dk,https://twitter.com/moderaterne_dk,Moderaterne,Parti,Moderaterne,"""#7A2885""","""#9CA7D0""",M,https://moderaterne.dk/
@larsloekke,https://twitter.com/larsloekke,Lars L√∏kke Rasmussen,Leder,Moderaterne,"""#7A2885""","""#9CA7D0""",M,
@RosaEriksen9,https://twitter.com/RosaEriksen9,Rosa Eriksen,Folketingskandidat,Moderaterne,"""#7A2885""","""#9CA7D0""",M,
@HarryditoBjerg,https://twitter.com/HarryditoBjerg,Kenneth Bjerg,Folketingskandidat,Moderaterne,"""#7A2885""","""#9CA7D0""",M,
@MonikaaRubin,https://twitter.com/MonikaaRubin,monika rubin,Folketingskandidat,Moderaterne,"""#7A2885""","""#9CA7D0""",M,
@ammaralidk,https://twitter.com/ammaralidk,Ammar Ali,Folketingskandidat,Moderaterne,"""#7A2885""","""#9CA7D0""",M,
@LarsArneC,https://twitter.com/LarsArneC,Lars Arne Christensen,Folketingskandidat,Moderaterne,"""#7A2885""","""#9CA7D0""",M,
@RLundNielsen,https://twitter.com/RLundNielsen,Rasmus Lund-Nielsen (M),Folketingskandidat,Moderaterne,"""#7A2885""","""#9CA7D0""",M,
@rasmus_hinrichs,https://twitter.com/rasmus_hinrichs,rasmus hinrichs,Folketingskandidat,Moderaterne,"""#7A2885""","""#9CA7D0""",M,
@jonstephensen,https://twitter.com/jonstephensen,Jon Stephensen,Folketingskandidat,Moderaterne,"""#7A2885""","""#9CA7D0""",M,
@MiloModeraterne,https://twitter.com/MiloModeraterne,Lean Milo,Folketingskandidat,Moderaterne,"""#7A2885""","""#9CA7D0""",M,
@NannaWG,https://twitter.com/NannaWG,Nanna W. Gotfredsen,Folketingskandidat,Moderaterne,"""#7A2885""","""#9CA7D0""",M,
@DavidsenLouise,https://twitter.com/DavidsenLouise,Louise Davidsen,Folketingskandidat,Moderaterne,"""#7A2885""","""#9CA7D0""",M,
@MarinaAnderse13,https://twitter.com/MarinaAnderse13,Marina Andersen,Folketingskandidat,Moderaterne,"""#7A2885""","""#9CA7D0""",M,
@johankahl_,https://twitter.com/johankahl_,Johan Kahl,Folketingskandidat,Moderaterne,"""#7A2885""","""#9CA7D0""",M,
@jrgenkjller1,https://twitter.com/jrgenkjller1,j√∏rgen kj√∏ller,Folketingskandidat,Moderaterne,"""#7A2885""","""#9CA7D0""",M,
@eMindegaardMul_,https://twitter.com/eMindegaardMul_,Ellen Emilie Mindegaard-M√ºllertz,Folketingskandidat,Moderaterne,"""#7A2885""","""#9CA7D0""",M,
@krisklarskov,https://twitter.com/krisklarskov,Kristian Klarskov,Folketingskandidat,Moderaterne,"""#7A2885""","""#9CA7D0""",M,
@mohammad_rona,https://twitter.com/mohammad_rona,Mohammad Rona,Folketingskandidat,Moderaterne,"""#7A2885""","""#9CA7D0""",M,
@Dinamofidi,https://twitter.com/Dinamofidi,Dina Mofidi,Folketingskandidat,Moderaterne,"""#7A2885""","""#9CA7D0""",M,
@engelschmidt,https://twitter.com/engelschmidt,Jakob Engel-Schmidt,Folketingskandidat,Moderaterne,"""#7A2885""","""#9CA7D0""",M,
@bloch_simonsen,https://twitter.com/bloch_simonsen,Carina Bloch Simonsen,Folketingskandidat,Moderaterne,"""#7A2885""","""#9CA7D0""",M,
@erick_thurmer,https://twitter.com/erick_thurmer,Erick Th√ºrmer,Folketingskandidat,Moderaterne,"""#7A2885""","""#9CA7D0""",M,
@BenjaminLindb,https://twitter.com/BenjaminLindb,Benjamin Lindberg - Kandidat til folketinget,Folketingskandidat,Moderaterne,"""#7A2885""","""#9CA7D0""",M,
@charlotte_bagge,https://twitter.com/charlotte_bagge,Charlotte Bagge Hansen,Folketingskandidat,Moderaterne,"""#7A2885""","""#9CA7D0""",M,
@Carlsen2Jan,https://twitter.com/Carlsen2Jan,Jan Carlsen Moderaterne,Folketingskandidat,Moderaterne,"""#7A2885""","""#9CA7D0""",M,
@LucasOlsgaard,https://twitter.com/LucasOlsgaard,Lucas Olsgaard,Folketingskandidat,Moderaterne,"""#7A2885""","""#9CA7D0""",M,
@MichaelHertzFK,https://twitter.com/MichaelHertzFK,Michael Hertz,Folketingskandidat,Moderaterne,"""#7A2885""","""#9CA7D0""",M,
@HenrikFrandsen5,https://twitter.com/HenrikFrandsen5,Henrik Frandsen,Folketingskandidat,Moderaterne,"""#7A2885""","""#9CA7D0""",M,
@KasperSostrom,https://twitter.com/KasperSostrom,Kasper S√∏str√∏m M√ºller,Folketingskandidat,Moderaterne,"""#7A2885""","""#9CA7D0""",M,
@jeppesoee,https://twitter.com/jeppesoee,Jeppe S√∏e,Folketingskandidat,Moderaterne,"""#7A2885""","""#9CA7D0""",M,
@GamPedersen,https://twitter.com/GamPedersen,Nikolaj Gam-Pedersen,Folketingskandidat,Moderaterne,"""#7A2885""","""#9CA7D0""",M,
@FreyaLuna6,https://twitter.com/FreyaLuna6,Freya Luna,Folketingskandidat,Moderaterne,"""#7A2885""","""#9CA7D0""",M,
@TobiasGrotkjaer,https://twitter.com/TobiasGrotkjaer,Tobias Grotkj√¶r Elmstr√∏m - Folketingskandidat,Folketingskandidat,Moderaterne,"""#7A2885""","""#9CA7D0""",M,
@NyeBorgerlige,https://twitter.com/NyeBorgerlige,Nye Borgerlige,Parti,Nye Borgerlige,"""#064E5B""","""#D4D4D4""",D,
@LBMathiesen,https://twitter.com/LBMathiesen,Lars Boje Mathiesen,MF,Nye Borgerlige,"""#064E5B""","""#D4D4D4""",D,
@peter_seier,https://twitter.com/peter_seier,Peter Seier Christensen,MF,Nye Borgerlige,"""#064E5B""","""#D4D4D4""",D,
@ThiesenMette,https://twitter.com/ThiesenMette,Mette Thiesen,MF,Nye Borgerlige,"""#064E5B""","""#D4D4D4""",D,
@PernilleVermund,https://twitter.com/PernilleVermund,Pernille Vermund,Leder,Nye Borgerlige,"""#064E5B""","""#D4D4D4""",D,
@npravn,https://twitter.com/npravn,Niels Peder Ravn,Folketingskandidat,Nye Borgerlige,"""#064E5B""","""#D4D4D4""",D,
@DanielPinderup,https://twitter.com/DanielPinderup,Daniel Holst Pinderup,Folketingskandidat,Nye Borgerlige,"""#064E5B""","""#D4D4D4""",D,
@ketilwathne,https://twitter.com/ketilwathne,Ketil Wathne Rasmussen,Folketingskandidat,Nye Borgerlige,"""#064E5B""","""#D4D4D4""",D,
@UllaKokfelt,https://twitter.com/UllaKokfelt,Ulla Kokfelt,Folketingskandidat,Nye Borgerlige,"""#064E5B""","""#D4D4D4""",D,
@NBClaus,https://twitter.com/NBClaus,Claus B√∏gh Svenningsen,Folketingskandidat,Nye Borgerlige,"""#064E5B""","""#D4D4D4""",D,
@CarstenwinNB,https://twitter.com/CarstenwinNB,Carsten Winther,Folketingskandidat,Nye Borgerlige,"""#064E5B""","""#D4D4D4""",D,
@SorenRegenberg,https://twitter.com/SorenRegenberg,S√∏ren Regenberg,Folketingskandidat,Nye Borgerlige,"""#064E5B""","""#D4D4D4""",D,
@GithaNelander,https://twitter.com/GithaNelander,Githa Nelander,Folketingskandidat,Nye Borgerlige,"""#064E5B""","""#D4D4D4""",D,
@HErgemann,https://twitter.com/HErgemann,Henriette Ergemann,Folketingskandidat,Nye Borgerlige,"""#064E5B""","""#D4D4D4""",D,
@MrJenZen,https://twitter.com/MrJenZen,Jonas Ren√© Jensen,Folketingskandidat,Nye Borgerlige,"""#064E5B""","""#D4D4D4""",D,
@BoKleis,https://twitter.com/BoKleis,Bo Kleis Christensen,Folketingskandidat,Nye Borgerlige,"""#064E5B""","""#D4D4D4""",D,
@Gjerlevsennb,https://twitter.com/Gjerlevsennb,hans-Christian Gjerlevsen,Folketingskandidat,Nye Borgerlige,"""#064E5B""","""#D4D4D4""",D,
@jankopke,https://twitter.com/jankopke,Jan K√∏pke Christensen (NyeBorgerlige),Folketingskandidat,Nye Borgerlige,"""#064E5B""","""#D4D4D4""",D,
@kb54071934,https://twitter.com/kb54071934,Karsten Byrgesen,Folketingskandidat,Nye Borgerlige,"""#064E5B""","""#D4D4D4""",D,
@MarianneM_LA,https://twitter.com/MarianneM_LA,Marianne Mathiesen,Folketingskandidat,Nye Borgerlige,"""#064E5B""","""#D4D4D4""",D,
@RuneBonnelykke,https://twitter.com/RuneBonnelykke,"Rune B√∏nnelykke Folketingskandidat, Byr√•dsmedlem",Folketingskandidat,Nye Borgerlige,"""#064E5B""","""#D4D4D4""",D,
@VedstedRothman,https://twitter.com/VedstedRothman,Thomas Vedsted Rothman,Folketingskandidat,Nye Borgerlige,"""#064E5B""","""#D4D4D4""",D,
@TomAndkjaer,https://twitter.com/TomAndkjaer,Tom Andkj√¶r,Folketingskandidat,Nye Borgerlige,"""#064E5B""","""#D4D4D4""",D,
@XvedTryde,https://twitter.com/XvedTryde,Inger-Marie Tryde,Folketingskandidat,Nye Borgerlige,"""#064E5B""","""#D4D4D4""",D,
@MogensAaby,https://twitter.com/MogensAaby,Mogens Aaby,Folketingskandidat,Nye Borgerlige,"""#064E5B""","""#D4D4D4""",D,
@tenna_berg,https://twitter.com/tenna_berg,Tenna R√∏berg,Folketingskandidat,Nye Borgerlige,"""#064E5B""","""#D4D4D4""",D,
@kedbergandersen,https://twitter.com/kedbergandersen,Kim Edberg Andersen,Folketingskandidat,Nye Borgerlige,"""#064E5B""","""#D4D4D4""",D,
@NSysser,https://twitter.com/NSysser,Sysser N√∏rholm,Folketingskandidat,Nye Borgerlige,"""#064E5B""","""#D4D4D4""",D,
@radikalungdom,https://twitter.com/radikalungdom,Radikal Ungdom,Ungdomsparti,Radikale Venstre,"""#EB008C""","""#003265""",B,https://www.radikalungdom.dk/
@radikale,https://twitter.com/radikale,Radikale Venstre,Parti,Radikale Venstre,"""#EB008C""","""#003265""",B,https://www.radikale.dk/
@FrkCallesen,https://twitter.com/FrkCallesen,Anne Sophie Callesen,MF,Radikale Venstre,"""#EB008C""","""#003265""",B,
@mariannejelved,https://twitter.com/mariannejelved,Marianne Jelved,MF,Radikale Venstre,"""#EB008C""","""#003265""",B,
@kronborgsusan,https://twitter.com/kronborgsusan,Susan Kronborg,MF,Radikale Venstre,"""#EB008C""","""#003265""",B,
@martinlidegaard,https://twitter.com/martinlidegaard,Martin Lidegaard,MF,Radikale Venstre,"""#EB008C""","""#003265""",B,
@stinuslindgreen,https://twitter.com/stinuslindgreen,Stinus Lindgreen,MF,Radikale Venstre,"""#EB008C""","""#003265""",B,
@SamiraNawa,https://twitter.com/SamiraNawa,Samira Nawa,MF,Radikale Venstre,"""#EB008C""","""#003265""",B,
@sofiecn,https://twitter.com/sofiecn,Sofie Carsten Nielsen,Leder,Radikale Venstre,"""#EB008C""","""#003265""",B,
@KathrineOlldag,https://twitter.com/KathrineOlldag,Kathrine Olldag,MF,Radikale Venstre,"""#EB008C""","""#003265""",B,
@rasmushelveg,https://twitter.com/rasmushelveg,Rasmus Helveg,MF,Radikale Venstre,"""#EB008C""","""#003265""",B,
@KatrineRobsoe,https://twitter.com/KatrineRobsoe,Katrine Robs√∏e,MF,Radikale Venstre,"""#EB008C""","""#003265""",B,
@LotteRod,https://twitter.com/LotteRod,Lotte Rod,MF,Radikale Venstre,"""#EB008C""","""#003265""",B,
@zeniastampe,https://twitter.com/zeniastampe,Zenia Stampe,MF,Radikale Venstre,"""#EB008C""","""#003265""",B,
@a_steenberg,https://twitter.com/a_steenberg,Andreas Steenberg,MF,Radikale Venstre,"""#EB008C""","""#003265""",B,
@rvthorholm,https://twitter.com/rvthorholm,Christina Thorholm,MF,Radikale Venstre,"""#EB008C""","""#003265""",B,
@KashifAhmadDK,https://twitter.com/KashifAhmadDK,Kashif Ahmad,Folketingskandidat,Radikale Venstre,"""#EB008C""","""#003265""",B,
@RittigFalkberg,https://twitter.com/RittigFalkberg,Christina Rittig Falkberg,Folketingskandidat,Radikale Venstre,"""#EB008C""","""#003265""",B,
@brian_koester77,https://twitter.com/brian_koester77,Brian K√∏ster,Folketingskandidat,Radikale Venstre,"""#EB008C""","""#003265""",B,
@esatsenturkRV,https://twitter.com/esatsenturkRV,esat senturk,Folketingskandidat,Radikale Venstre,"""#EB008C""","""#003265""",B,
@hediyedptemiz,https://twitter.com/hediyedptemiz,Hediye Temiz,Folketingskandidat,Radikale Venstre,"""#EB008C""","""#003265""",B,
@birgernissen,https://twitter.com/birgernissen,Birger Nissen,Folketingskandidat,Radikale Venstre,"""#EB008C""","""#003265""",B,
@niels_groenlund,https://twitter.com/niels_groenlund,Niels Gr√∏nlund,Folketingskandidat,Radikale Venstre,"""#EB008C""","""#003265""",B,
@gastronautdk,https://twitter.com/gastronautdk,Kim Lei-Jensen,Folketingskandidat,Radikale Venstre,"""#EB008C""","""#003265""",B,
@JanWernerNyborg,https://twitter.com/JanWernerNyborg,Jan Werner Mathiasen,Folketingskandidat,Radikale Venstre,"""#EB008C""","""#003265""",B,
@HanneRinggaard,https://twitter.com/HanneRinggaard,Hanne Ringgaard M√∏ller,Folketingskandidat,Radikale Venstre,"""#EB008C""","""#003265""",B,
@rubenkidde,https://twitter.com/rubenkidde,Ruben Kidde,Folketingskandidat,Radikale Venstre,"""#EB008C""","""#003265""",B,
@KlausBondam,https://twitter.com/KlausBondam,Klaus Bondam,Folketingskandidat,Radikale Venstre,"""#EB008C""","""#003265""",B,
@ClHalv,https://twitter.com/ClHalv,Clara Halvorsen,Folketingskandidat,Radikale Venstre,"""#EB008C""","""#003265""",B,
@ThomasRohden,https://twitter.com/ThomasRohden,Thomas Rohden,Folketingskandidat,Radikale Venstre,"""#EB008C""","""#003265""",B,
@jestiede,https://twitter.com/jestiede,Jes Vissing Tiedemann (han/ham),Folketingskandidat,Radikale Venstre,"""#EB008C""","""#003265""",B,
@mariekampmann1,https://twitter.com/mariekampmann1,Marie Kampmann,Folketingskandidat,Radikale Venstre,"""#EB008C""","""#003265""",B,
@normann_emilie,https://twitter.com/normann_emilie,emilie normann,Folketingskandidat,Radikale Venstre,"""#EB008C""","""#003265""",B,
@carolinamaier,https://twitter.com/carolinamaier,Carolina Magdalene Maier,MF,Radikale Venstre,"""#EB008C""","""#003265""",B,
@MRachlin,https://twitter.com/MRachlin,Michael Rachlin,Folketingskandidat,Radikale Venstre,"""#EB008C""","""#003265""",B,
@PZinckernagel,https://twitter.com/PZinckernagel,Peter Zinckernagel,Folketingskandidat,Radikale Venstre,"""#EB008C""","""#003265""",B,
@AndersHojsted,https://twitter.com/AndersHojsted,LeftRightAxis,Folketingskandidat,Radikale Venstre,"""#EB008C""","""#003265""",B,
@christianfbach,https://twitter.com/christianfbach,Christian Friis Bach,Folketingskandidat,Radikale Venstre,"""#EB008C""","""#003265""",B,
@danielnyboe,https://twitter.com/danielnyboe,Daniel Nyboe Andersen,Folketingskandidat,Radikale Venstre,"""#EB008C""","""#003265""",B,
@AmdiBurgess,https://twitter.com/AmdiBurgess,Charlotte Amdi Burgess,Folketingskandidat,Radikale Venstre,"""#EB008C""","""#003265""",B,
@SteffenHelledie,https://twitter.com/SteffenHelledie,Steffen Helledie,Folketingskandidat,Radikale Venstre,"""#EB008C""","""#003265""",B,
@donatzky,https://twitter.com/donatzky,Christian Donatzky,Folketingskandidat,Radikale Venstre,"""#EB008C""","""#003265""",B,
@tinehessner,https://twitter.com/tinehessner,Tine Hessner - politiker (B),Folketingskandidat,Radikale Venstre,"""#EB008C""","""#003265""",B,
@JacobNetteberg,https://twitter.com/JacobNetteberg,Jacob Netteberg,Folketingskandidat,Radikale Venstre,"""#EB008C""","""#003265""",B,
@LineKLay,https://twitter.com/LineKLay,Line Krogh Lay,Folketingskandidat,Radikale Venstre,"""#EB008C""","""#003265""",B,
@kstokholm,https://twitter.com/kstokholm,Kristian Stokholm,Folketingskandidat,Radikale Venstre,"""#EB008C""","""#003265""",B,
@troelsbrandt1,https://twitter.com/troelsbrandt1,Troels Brandt,Folketingskandidat,Radikale Venstre,"""#EB008C""","""#003265""",B,
@LukasLunoe,https://twitter.com/LukasLunoe,Lukas Lun√∏e,Folketingskandidat,Radikale Venstre,"""#EB008C""","""#003265""",B,
@JeppeTrolle,https://twitter.com/JeppeTrolle,Jeppe Trolle,Folketingskandidat,Radikale Venstre,"""#EB008C""","""#003265""",B,
@lynggaardj,https://twitter.com/lynggaardj,Ole Lynggaard J√∏.,Folketingskandidat,Radikale Venstre,"""#EB008C""","""#003265""",B,
@amgeisler,https://twitter.com/amgeisler,Anne Marie Geisler,Folketingskandidat,Radikale Venstre,"""#EB008C""","""#003265""",B,
@JosefineHelene,https://twitter.com/JosefineHelene,Josefine Schlosser,Folketingskandidat,Radikale Venstre,"""#EB008C""","""#003265""",B,
@StemJohan,https://twitter.com/StemJohan,Johan Br√∏dsgaard,Folketingskandidat,Radikale Venstre,"""#EB008C""","""#003265""",B,
@MichaelFlarup,https://twitter.com/MichaelFlarup,Michael Flarup,Folketingskandidat,Radikale Venstre,"""#EB008C""","""#003265""",B,
@signedriefer,https://twitter.com/signedriefer,Signe Driefer,Folketingskandidat,Radikale Venstre,"""#EB008C""","""#003265""",B,
@MarstrandKeldW,https://twitter.com/MarstrandKeldW,Keld Marstrand Wang,Folketingskandidat,Radikale Venstre,"""#EB008C""","""#003265""",B,
@RuneRadikal,https://twitter.com/RuneRadikal,Rune Christiansen,Folketingskandidat,Radikale Venstre,"""#EB008C""","""#003265""",B,
@NyboMia,https://twitter.com/NyboMia,Mia Nybo,Folketingskandidat,Radikale Venstre,"""#EB008C""","""#003265""",B,
@HanneRoed,https://twitter.com/HanneRoed,Hanne Roed,Folketingskandidat,Radikale Venstre,"""#EB008C""","""#003265""",B,
@Frederik_Aa,https://twitter.com/Frederik_Aa,Frederik Aagaard,Folketingskandidat,Radikale Venstre,"""#EB008C""","""#003265""",B,
@AkiMati_Siumut,https://twitter.com/AkiMati_Siumut,Aki-Matilda H√∏egh-Dam,MF,Siumut,Nordatlanten,Nordatlanten,Nordatlanten,
@DSU_1920,https://twitter.com/DSU_1920,DSU,Ungdomsparti,Socialdemokratiet,"""#C7042C""","""#F04C46""",A,
@Spolitik,https://twitter.com/Spolitik,Socialdemokratiet,Parti,Socialdemokratiet,"""#C7042C""","""#F04C46""",A,
@MogensJensenS,https://twitter.com/MogensJensenS,Mogens Jensen,MF,Socialdemokratiet,"""#C7042C""","""#F04C46""",A,
@AndersKronborg,https://twitter.com/AndersKronborg,Anders Kronborg,MF,Socialdemokratiet,"""#C7042C""","""#F04C46""",A,
@AneHalsboe,https://twitter.com/AneHalsboe,Ane Halsboe,MF,Socialdemokratiet,"""#C7042C""","""#F04C46""",A,
@annette_lind,https://twitter.com/annette_lind,Annette Lind,MF,Socialdemokratiet,"""#C7042C""","""#F04C46""",A,
@Astridkrag,https://twitter.com/Astridkrag,Astrid Krag,MF,Socialdemokratiet,"""#C7042C""","""#F04C46""",A,
@BennyEngelbrech,https://twitter.com/BennyEngelbrech,Benny Engelbrecht,MF,Socialdemokratiet,"""#C7042C""","""#F04C46""",A,
@birgitte_vind,https://twitter.com/birgitte_vind,Birgitte Vind,MF,Socialdemokratiet,"""#C7042C""","""#F04C46""",A,
@Bjarne_Laustsen,https://twitter.com/Bjarne_Laustsen,Bjarne Laustsen,MF,Socialdemokratiet,"""#C7042C""","""#F04C46""",A,
@BjBrandenborg,https://twitter.com/BjBrandenborg,Bj√∏rn Brandenborg,MF,Socialdemokratiet,"""#C7042C""","""#F04C46""",A,
@bressendorff,https://twitter.com/bressendorff,Brian Bressendorff,MF,Socialdemokratiet,"""#C7042C""","""#F04C46""",A,
@CamFabricius,https://twitter.com/CamFabricius,Camilla Fabricius,MF,Socialdemokratiet,"""#C7042C""","""#F04C46""",A,
@RabjergMadsen,https://twitter.com/RabjergMadsen,Chr Rabjerg Madsen,MF,Socialdemokratiet,"""#C7042C""","""#F04C46""",A,
@DanJoergensen,https://twitter.com/DanJoergensen,Dan J√∏rgensen,MF,Socialdemokratiet,"""#C7042C""","""#F04C46""",A,
@Henrikm86712011,https://twitter.com/Henrikm86712011,Henrik m√∏ller,MF,Socialdemokratiet,"""#C7042C""","""#F04C46""",A,
@IdaAuken,https://twitter.com/IdaAuken,Ida Auken,MF,Socialdemokratiet,"""#C7042C""","""#F04C46""",A,
@Jens_Joel,https://twitter.com/Jens_Joel,Jens Joel,MF,Socialdemokratiet,"""#C7042C""","""#F04C46""",A,
@JeppeBruus,https://twitter.com/JeppeBruus,Jeppe Bruus,MF,Socialdemokratiet,"""#C7042C""","""#F04C46""",A,
@Jesper_Pet,https://twitter.com/Jesper_Pet,Jesper Petersen,MF,Socialdemokratiet,"""#C7042C""","""#F04C46""",A,
@JulieSkovsby,https://twitter.com/JulieSkovsby,Julie Skovsby,MF,Socialdemokratiet,"""#C7042C""","""#F04C46""",A,
@KaareDybvad,https://twitter.com/KaareDybvad,Kaare Dybvad,MF,Socialdemokratiet,"""#C7042C""","""#F04C46""",A,
@KasperRoug,https://twitter.com/KasperRoug,Kasper Roug,MF,Socialdemokratiet,"""#C7042C""","""#F04C46""",A,
@SandKjaer,https://twitter.com/SandKjaer,Kasper Sand Kj√¶r,MF,Socialdemokratiet,"""#C7042C""","""#F04C46""",A,
@lars_aslan,https://twitter.com/lars_aslan,Lars Aslan,MF,Socialdemokratiet,"""#C7042C""","""#F04C46""",A,
@LeaWermelin,https://twitter.com/LeaWermelin,Lea Wermelin,MF,Socialdemokratiet,"""#C7042C""","""#F04C46""",A,
@LahnLeif,https://twitter.com/LahnLeif,Leif Lahn Jensen,MF,Socialdemokratiet,"""#C7042C""","""#F04C46""",A,
@Heunicke,https://twitter.com/Heunicke,Magnus Heunicke,MF,Socialdemokratiet,"""#C7042C""","""#F04C46""",A,
@MalteLarsen,https://twitter.com/MalteLarsen,Malte Larsen,MF,Socialdemokratiet,"""#C7042C""","""#F04C46""",A,
@mariagudme,https://twitter.com/mariagudme,Maria Gudme,MF,Socialdemokratiet,"""#C7042C""","""#F04C46""",A,
@mattiastesfaye,https://twitter.com/mattiastesfaye,Mattias Tesfaye,MF,Socialdemokratiet,"""#C7042C""","""#F04C46""",A,
@MetteGjerskov,https://twitter.com/MetteGjerskov,Mette Gjerskov,MF,Socialdemokratiet,"""#C7042C""","""#F04C46""",A,
@mfMorten,https://twitter.com/mfMorten,Morten B√∏dskov,MF,Socialdemokratiet,"""#C7042C""","""#F04C46""",A,
@NWammen,https://twitter.com/NWammen,Nicolai Wammen,MF,Socialdemokratiet,"""#C7042C""","""#F04C46""",A,
@HavOrla,https://twitter.com/HavOrla,Orla Hav,MF,Socialdemokratiet,"""#C7042C""","""#F04C46""",A,
@RosenkrantzT,https://twitter.com/RosenkrantzT,Rosenkrantz-Theil,MF,Socialdemokratiet,"""#C7042C""","""#F04C46""",A,
@PHummelgaard,https://twitter.com/PHummelgaard,Peter Hummelgaard,MF,Socialdemokratiet,"""#C7042C""","""#F04C46""",A,
@rasmushorn,https://twitter.com/rasmushorn,Rasmus Horn Langhoff,MF,Socialdemokratiet,"""#C7042C""","""#F04C46""",A,
@RasmusPrehn,https://twitter.com/RasmusPrehn,Rasmus Prehn,MF,Socialdemokratiet,"""#C7042C""","""#F04C46""",A,
@RStoklund,https://twitter.com/RStoklund,Rasmus Stoklund,MF,Socialdemokratiet,"""#C7042C""","""#F04C46""",A,
@simonkollerup,https://twitter.com/simonkollerup,Simon Kollerup,MF,Socialdemokratiet,"""#C7042C""","""#F04C46""",A,
@LarssonTanja,https://twitter.com/LarssonTanja,Tanja Larsson,MF,Socialdemokratiet,"""#C7042C""","""#F04C46""",A,
@MFThomasJensen,https://twitter.com/MFThomasJensen,Thomas Jensen,MF,Socialdemokratiet,"""#C7042C""","""#F04C46""",A,
@Trinebramsen,https://twitter.com/Trinebramsen,Trine Bramsen,MF,Socialdemokratiet,"""#C7042C""","""#F04C46""",A,
@RavnTroels,https://twitter.com/RavnTroels,Troels Ravn,MF,Socialdemokratiet,"""#C7042C""","""#F04C46""",A,
@AndersA_dk,https://twitter.com/AndersA_dk,Anders Andreasen,Folketingskandidat,Socialdemokratiet,"""#C7042C""","""#F04C46""",A,
@A_Thusgaard,https://twitter.com/A_Thusgaard,Anna Thusg√•rd R√∏rstr√∏m,Folketingskandidat,Socialdemokratiet,"""#C7042C""","""#F04C46""",A,
@BjrnLaursen1,https://twitter.com/BjrnLaursen1,Bj√∏rn Laursen,Folketingskandidat,Socialdemokratiet,"""#C7042C""","""#F04C46""",A,
@dorthehindborg,https://twitter.com/dorthehindborg,Dorthe Hindborg,Folketingskandidat,Socialdemokratiet,"""#C7042C""","""#F04C46""",A,
@FieHaekkerup,https://twitter.com/FieHaekkerup,Fie H√¶kkerup,Folketingskandidat,Socialdemokratiet,"""#C7042C""","""#F04C46""",A,
@Frede_Vad,https://twitter.com/Frede_Vad,Frederik Vad,Folketingskandidat,Socialdemokratiet,"""#C7042C""","""#F04C46""",A,
@FrederikEnevold,https://twitter.com/FrederikEnevold,Frederik Enevoldsen,Folketingskandidat,Socialdemokratiet,"""#C7042C""","""#F04C46""",A,
@GunvorWibroe,https://twitter.com/GunvorWibroe,Gunvor Wibroe,Folketingskandidat,Socialdemokratiet,"""#C7042C""","""#F04C46""",A,
@ElabassiHalima,https://twitter.com/ElabassiHalima,Halima El Abassi,Folketingskandidat,Socialdemokratiet,"""#C7042C""","""#F04C46""",A,
@SonderupIben,https://twitter.com/SonderupIben,Iben S√∏nderup,Folketingskandidat,Socialdemokratiet,"""#C7042C""","""#F04C46""",A,
@RealJarlFeyling,https://twitter.com/RealJarlFeyling,Jarl Feyling,Folketingskandidat,Socialdemokratiet,"""#C7042C""","""#F04C46""",A,
@jensjsteen,https://twitter.com/jensjsteen,Jens Jonatan Steen,Folketingskandidat,Socialdemokratiet,"""#C7042C""","""#F04C46""",A,
@RgenRup,https://twitter.com/RgenRup,J√∏rgen M√∏rup Pedersen,Folketingskandidat,Socialdemokratiet,"""#C7042C""","""#F04C46""",A,
@KarinGaardsted,https://twitter.com/KarinGaardsted,Karin Gaardsted,Folketingskandidat,Socialdemokratiet,"""#C7042C""","""#F04C46""",A,
@skriver_kris,https://twitter.com/skriver_kris,Kris Jensen Skriver,Folketingskandidat,Socialdemokratiet,"""#C7042C""","""#F04C46""",A,
@larswerge,https://twitter.com/larswerge,Lars Werge,Folketingskandidat,Socialdemokratiet,"""#C7042C""","""#F04C46""",A,
@MadsenHenriksen,https://twitter.com/MadsenHenriksen,Mads MadsenHenriksen,Folketingskandidat,Socialdemokratiet,"""#C7042C""","""#F04C46""",A,
@MariaDurhuus,https://twitter.com/MariaDurhuus,Maria Durhuus,Folketingskandidat,Socialdemokratiet,"""#C7042C""","""#F04C46""",A,
@power_matilde,https://twitter.com/power_matilde,Matilde Powers,Folketingskandidat,Socialdemokratiet,"""#C7042C""","""#F04C46""",A,
@mettereissmann,https://twitter.com/mettereissmann,Mette Reissmann,Folketingskandidat,Socialdemokratiet,"""#C7042C""","""#F04C46""",A,
@mikidamlarsen,https://twitter.com/mikidamlarsen,Miki Dam Larsen,Folketingskandidat,Socialdemokratiet,"""#C7042C""","""#F04C46""",A,
@KlessenMorten,https://twitter.com/KlessenMorten,Morten Klessen,Folketingskandidat,Socialdemokratiet,"""#C7042C""","""#F04C46""",A,
@Ryom_92,https://twitter.com/Ryom_92,Morten Ryom,Folketingskandidat,Socialdemokratiet,"""#C7042C""","""#F04C46""",A,
@NikolinePrehn,https://twitter.com/NikolinePrehn,Nikoline Linnemann Prehn,Folketingskandidat,Socialdemokratiet,"""#C7042C""","""#F04C46""",A,
@BaaringEmil,https://twitter.com/BaaringEmil,Sara Emil Baaring,Folketingskandidat,Socialdemokratiet,"""#C7042C""","""#F04C46""",A,
@Seba_Schwartz,https://twitter.com/Seba_Schwartz,Sebastian Schwartz,Folketingskandidat,Socialdemokratiet,"""#C7042C""","""#F04C46""",A,
@hommeltoft,https://twitter.com/hommeltoft,Theis Kylling Hommeltoft,Folketingskandidat,Socialdemokratiet,"""#C7042C""","""#F04C46""",A,
@MonbergThomas,https://twitter.com/MonbergThomas,ThomasMonberg,Folketingskandidat,Socialdemokratiet,"""#C7042C""","""#F04C46""",A,
@T_SkriverJensen,https://twitter.com/T_SkriverJensen,Thomas Skriver Jensen,Folketingskandidat,Socialdemokratiet,"""#C7042C""","""#F04C46""",A,
@HolmboeHay,https://twitter.com/HolmboeHay,Thorkild Holmboe-Hay,Folketingskandidat,Socialdemokratiet,"""#C7042C""","""#F04C46""",A,
@SF_Ungdom,https://twitter.com/SF_Ungdom,SF Ungdom,Ungdomsparti,Socialistisk Folkeparti,"""#BF011A""","""#00934A""",F,
@SFpolitik,https://twitter.com/SFpolitik,SF,Parti,Socialistisk Folkeparti,"""#BF011A""","""#00934A""",F,
@PiaOlsen,https://twitter.com/PiaOlsen,Pia Olsen Dyhr,Leder,Socialistisk Folkeparti,"""#BF011A""","""#00934A""",F,
@MF_K_Lorentzen,https://twitter.com/MF_K_Lorentzen,Karina Lorentzen D.,MF,Socialistisk Folkeparti,"""#BF011A""","""#00934A""",F,
@jacobmark_sf,https://twitter.com/jacobmark_sf,Jacob Mark,MF,Socialistisk Folkeparti,"""#BF011A""","""#00934A""",F,
@khoenge,https://twitter.com/khoenge,Karsten H√∏nge,MF,Socialistisk Folkeparti,"""#BF011A""","""#00934A""",F,
@signe_munk,https://twitter.com/signe_munk,Signe Munk,MF,Socialistisk Folkeparti,"""#BF011A""","""#00934A""",F,
@LisbethBNielsen,https://twitter.com/LisbethBNielsen,Lisbeth Bech-Nielsen,MF,Socialistisk Folkeparti,"""#BF011A""","""#00934A""",F,
@TrineTorp,https://twitter.com/TrineTorp,Trine Sch√∏ning Torp,MF,Socialistisk Folkeparti,"""#BF011A""","""#00934A""",F,
@KirstenNormann,https://twitter.com/KirstenNormann,Kirsten Normann,MF,Socialistisk Folkeparti,"""#BF011A""","""#00934A""",F,
@Carl__Valentin,https://twitter.com/Carl__Valentin,Carl Valentin,MF,Socialistisk Folkeparti,"""#BF011A""","""#00934A""",F,
@charlottebroman,https://twitter.com/charlottebroman,Charlotte M√∏lb√¶k,MF,Socialistisk Folkeparti,"""#BF011A""","""#00934A""",F,
@Halime9Oguz,https://twitter.com/Halime9Oguz,Halime Oguz,MF,Socialistisk Folkeparti,"""#BF011A""","""#00934A""",F,
@AnneValentina,https://twitter.com/AnneValentina,Anne Valentina Berthelsen,MF,Socialistisk Folkeparti,"""#BF011A""","""#00934A""",F,
@AstridCaroee,https://twitter.com/AstridCaroee,Astrid Car√∏e,MF,Socialistisk Folkeparti,"""#BF011A""","""#00934A""",F,
@rasmusnordqvist,https://twitter.com/rasmusnordqvist,rasmus nordqvist,MF,Socialistisk Folkeparti,"""#BF011A""","""#00934A""",F,
@sfBalder,https://twitter.com/sfBalder,Balder M√∏rk Andersen,Folketingskandidat,Socialistisk Folkeparti,"""#BF011A""","""#00934A""",F,
@Andreas_Baek,https://twitter.com/Andreas_Baek,Andreas B√¶k,Folketingskandidat,Socialistisk Folkeparti,"""#BF011A""","""#00934A""",F,
@Miss_Skovgaard,https://twitter.com/Miss_Skovgaard,Melissa_Skovgaard_Jensen,Folketingskandidat,Socialistisk Folkeparti,"""#BF011A""","""#00934A""",F,
@LinePetersen92,https://twitter.com/LinePetersen92,Line Petersen,Folketingskandidat,Socialistisk Folkeparti,"""#BF011A""","""#00934A""",F,
@Klausmygind,https://twitter.com/Klausmygind,Klaus Mygind,Folketingskandidat,Socialistisk Folkeparti,"""#BF011A""","""#00934A""",F,
@PederHolkSvends,https://twitter.com/PederHolkSvends,Peder Holk Svendsen,Folketingskandidat,Socialistisk Folkeparti,"""#BF011A""","""#00934A""",F,
@sadekalamood,https://twitter.com/sadekalamood,Sadek Al-Amood,Folketingskandidat,Socialistisk Folkeparti,"""#BF011A""","""#00934A""",F,
@Cecilie_Holdt,https://twitter.com/Cecilie_Holdt,Cecilie Holdt,Folketingskandidat,Socialistisk Folkeparti,"""#BF011A""","""#00934A""",F,
@SerdalBenli,https://twitter.com/SerdalBenli,Serdal Benli,Folketingskandidat,Socialistisk Folkeparti,"""#BF011A""","""#00934A""",F,
@ViviNoer,https://twitter.com/ViviNoer,Vivi N√∏r Jacobsen,Folketingskandidat,Socialistisk Folkeparti,"""#BF011A""","""#00934A""",F,
@SigurdAgersnap,https://twitter.com/SigurdAgersnap,Sigurd Agersnap,Folketingskandidat,Socialistisk Folkeparti,"""#BF011A""","""#00934A""",F,
@sf_elektrikeren,https://twitter.com/sf_elektrikeren,Rasmus Peter Henriksen,Folketingskandidat,Socialistisk Folkeparti,"""#BF011A""","""#00934A""",F,
@sofiefalckvilla,https://twitter.com/sofiefalckvilla,Sofie Falck Villadsen,Folketingskandidat,Socialistisk Folkeparti,"""#BF011A""","""#00934A""",F,
@NielsHaxthausen,https://twitter.com/NielsHaxthausen,Niels haxthausen,Folketingskandidat,Socialistisk Folkeparti,"""#BF011A""","""#00934A""",F,
@troelsstru,https://twitter.com/troelsstru,Troels Stru Schmidt,Folketingskandidat,Socialistisk Folkeparti,"""#BF011A""","""#00934A""",F,
@AlexanderBS_dk,https://twitter.com/AlexanderBS_dk,Alexander Bruhn Skj√∏th,Folketingskandidat,Socialistisk Folkeparti,"""#BF011A""","""#00934A""",F,
@clausjorgensen,https://twitter.com/clausjorgensen,Claus J√∏rgensen,Folketingskandidat,Socialistisk Folkeparti,"""#BF011A""","""#00934A""",F,
@WestermannPeter,https://twitter.com/WestermannPeter,Peter Westermann,Folketingskandidat,Socialistisk Folkeparti,"""#BF011A""","""#00934A""",F,
@BigumMarianne,https://twitter.com/BigumMarianne,Marianne Bigum,Folketingskandidat,Socialistisk Folkeparti,"""#BF011A""","""#00934A""",F,
@BrynildsenSilje,https://twitter.com/BrynildsenSilje,Silje Brynildsen,Folketingskandidat,Socialistisk Folkeparti,"""#BF011A""","""#00934A""",F,
@SBSkrubbeltrang,https://twitter.com/SBSkrubbeltrang,Stefan Skrubbeltrang,Folketingskandidat,Socialistisk Folkeparti,"""#BF011A""","""#00934A""",F,
@sofielippert,https://twitter.com/sofielippert,Sofie Lippert,Folketingskandidat,Socialistisk Folkeparti,"""#BF011A""","""#00934A""",F,
@annabraendemose,https://twitter.com/annabraendemose,Anna Br√¶ndemose,Folketingskandidat,Socialistisk Folkeparti,"""#BF011A""","""#00934A""",F,
@mortensiig,https://twitter.com/mortensiig,Morten Siig Henriksen,Folketingskandidat,Socialistisk Folkeparti,"""#BF011A""","""#00934A""",F,
@CharlotteVindel,https://twitter.com/CharlotteVindel,Charlotte Vindel√∏v SF,Folketingskandidat,Socialistisk Folkeparti,"""#BF011A""","""#00934A""",F,
@SLSBASS,https://twitter.com/SLSBASS,S√∏ren Sloth - folketingskandidat for SF,Folketingskandidat,Socialistisk Folkeparti,"""#BF011A""","""#00934A""",F,
@Lisem_ller,https://twitter.com/Lisem_ller,Lise M√ºller,Folketingskandidat,Socialistisk Folkeparti,"""#BF011A""","""#00934A""",F,
@Nanna_Bonde,https://twitter.com/Nanna_Bonde,Nanna Bonde,Folketingskandidat,Socialistisk Folkeparti,"""#BF011A""","""#00934A""",F,
@DavidDamJensen,https://twitter.com/DavidDamJensen,David Dam Jensen,Folketingskandidat,Socialistisk Folkeparti,"""#BF011A""","""#00934A""",F,
@CPMC_SF,https://twitter.com/CPMC_SF,Christian Mutwa Christensen,Folketingskandidat,Socialistisk Folkeparti,"""#BF011A""","""#00934A""",F,
@GaardeMilo,https://twitter.com/GaardeMilo,Milo Jacobsen Gaarde,Folketingskandidat,Socialistisk Folkeparti,"""#BF011A""","""#00934A""",F,
@SusanneThorsen,https://twitter.com/SusanneThorsen,Susanne Stenstrop Thorsen,Folketingskandidat,Socialistisk Folkeparti,"""#BF011A""","""#00934A""",F,
@PrivatNissen,https://twitter.com/PrivatNissen,Privat Socialr√•dgiver Karin B Nissen,Folketingskandidat,Socialistisk Folkeparti,"""#BF011A""","""#00934A""",F,
@Meritta_SF,https://twitter.com/Meritta_SF,Meritta Bjerregaard,Folketingskandidat,Socialistisk Folkeparti,"""#BF011A""","""#00934A""",F,
@NielsKristianSF,https://twitter.com/NielsKristianSF,Niels Kristian Larsen,Folketingskandidat,Socialistisk Folkeparti,"""#BF011A""","""#00934A""",F,
@BergBergtheresa,https://twitter.com/BergBergtheresa,Theresa Berg Andersen,Folketingskandidat,Socialistisk Folkeparti,"""#BF011A""","""#00934A""",F,
@LasseHjorthj,https://twitter.com/LasseHjorthj,Lasse Hjorth√∏j,Folketingskandidat,Socialistisk Folkeparti,"""#BF011A""","""#00934A""",F,
@grosboell,https://twitter.com/grosboell,Andreas Grosb√∏ll,Folketingskandidat,Socialistisk Folkeparti,"""#BF011A""","""#00934A""",F,
@VUngdom,https://twitter.com/VUngdom,Venstres Ungdom,Ungdomsparti,Venstre,"""#02438E""","""#E97113""",V,
@venstredk,https://twitter.com/venstredk,Venstre,Parti,Venstre,"""#02438E""","""#E97113""",V,
@AnneStergaa,https://twitter.com/AnneStergaa,Anne Honor√© √òstergaard,MF,Venstre,"""#02438E""","""#E97113""",V,
@AnniMatthiesen,https://twitter.com/AnniMatthiesen,Anni Matthiesen,MF,Venstre,"""#02438E""","""#E97113""",V,
@BHaarder,https://twitter.com/BHaarder,Bertel Haarder,MF,Venstre,"""#02438E""","""#E97113""",V,
@CKissmeyer,https://twitter.com/CKissmeyer,Carsten Kissmeyer,MF,Venstre,"""#02438E""","""#E97113""",V,
@EllenTraneNorby,https://twitter.com/EllenTraneNorby,Ellen Trane N√∏rby,MF,Venstre,"""#02438E""","""#E97113""",V,
@ErlingBonnesen,https://twitter.com/ErlingBonnesen,Erling Bonnesen,MF,Venstre,"""#02438E""","""#E97113""",V,
@EvaKjerHansen,https://twitter.com/EvaKjerHansen,Eva Kjer Hansen,MF,Venstre,"""#02438E""","""#E97113""",V,
@fatmaoektem,https://twitter.com/fatmaoektem,Fatma √òktem,MF,Venstre,"""#02438E""","""#E97113""",V,
@HansAndersenV,https://twitter.com/HansAndersenV,Hans Andersen,MF,Venstre,"""#02438E""","""#E97113""",V,
@HaChrSchmidt,https://twitter.com/HaChrSchmidt,Hans Christian Schmidt,MF,Venstre,"""#02438E""","""#E97113""",V,
@bankHeidi,https://twitter.com/bankHeidi,Heidi Bank,MF,Venstre,"""#02438E""","""#E97113""",V,
@jacobjensenMF,https://twitter.com/jacobjensenMF,Jacob Jensen,MF,Venstre,"""#02438E""","""#E97113""",V,
@JakobEllemann,https://twitter.com/JakobEllemann,Jakob Ellemann-Jensen,Leder,Venstre,"""#02438E""","""#E97113""",V,
@JanEJoergensen,https://twitter.com/JanEJoergensen,Jan E. J√∏rgensen,MF,Venstre,"""#02438E""","""#E97113""",V,
@JaneHeitmann,https://twitter.com/JaneHeitmann,Jane Heitmann,MF,Venstre,"""#02438E""","""#E97113""",V,
@EllemannKaren,https://twitter.com/EllemannKaren,Karen Ellemann,MF,Venstre,"""#02438E""","""#E97113""",V,
@KD_Mikkelsen,https://twitter.com/KD_Mikkelsen,Kenneth Mikkelsen,MF,Venstre,"""#02438E""","""#E97113""",V,
@kimvalentinDK,https://twitter.com/kimvalentinDK,Kim Valentin,MF,Venstre,"""#02438E""","""#E97113""",V,
@kplorentzen,https://twitter.com/kplorentzen,Kr. Pihl Lorentzen,MF,Venstre,"""#02438E""","""#E97113""",V,
@larsclilleholt,https://twitter.com/larsclilleholt,Lars Chr. Lilleholt,MF,Venstre,"""#02438E""","""#E97113""",V,
@LouiseElholm,https://twitter.com/LouiseElholm,Louise Schack Elholm,MF,Venstre,"""#02438E""","""#E97113""",V,
@madsfuglede,https://twitter.com/madsfuglede,Mads Fuglede,MF,Venstre,"""#02438E""","""#E97113""",V,
@MajaTorpAalborg,https://twitter.com/MajaTorpAalborg,Maja Torp,MF,Venstre,"""#02438E""","""#E97113""",V,
@marie_bjerre,https://twitter.com/marie_bjerre,Marie Bjerre,MF,Venstre,"""#02438E""","""#E97113""",V,
@MarleneAmbo,https://twitter.com/MarleneAmbo,Marlene Ambo-Rasmussen,MF,Venstre,"""#02438E""","""#E97113""",V,
@Martin_Geertsen,https://twitter.com/Martin_Geertsen,Martin Geertsen,MF,Venstre,"""#02438E""","""#E97113""",V,
@michaelaastrup,https://twitter.com/michaelaastrup,Michael Aastrup Jensen,MF,Venstre,"""#02438E""","""#E97113""",V,
@MortenDahlin,https://twitter.com/MortenDahlin,Morten Dahlin,MF,Venstre,"""#02438E""","""#E97113""",V,
@PeterJuelJensen,https://twitter.com/PeterJuelJensen,Peter Juel Jensen,MF,Venstre,"""#02438E""","""#E97113""",V,
@sophieloehde,https://twitter.com/sophieloehde,Sophie L√∏hde,MF,Venstre,"""#02438E""","""#E97113""",V,
@Sten_Knuth,https://twitter.com/Sten_Knuth,"St√©n Knuth, Idr√¶tsordf√∏rer Venstre",MF,Venstre,"""#02438E""","""#E97113""",V,
@ThDanielsen,https://twitter.com/ThDanielsen,Thomas Danielsen,MF,Venstre,"""#02438E""","""#E97113""",V,
@troelslundp,https://twitter.com/troelslundp,Troels Lund Poulsen,MF,Venstre,"""#02438E""","""#E97113""",V,
@Ulla_Tornaes,https://twitter.com/Ulla_Tornaes,Ulla T√∏rn√¶s,MF,Venstre,"""#02438E""","""#E97113""",V,
@fausboll,https://twitter.com/fausboll,Anders Fausb√∏ll,Folketingskandidat,Venstre,"""#02438E""","""#E97113""",V,
@AnitaHolt14,https://twitter.com/AnitaHolt14,Anita Vivi Lilholt,Folketingskandidat,Venstre,"""#02438E""","""#E97113""",V,
@AstridSborg,https://twitter.com/AstridSborg,Astrid S√∏borg,Folketingskandidat,Venstre,"""#02438E""","""#E97113""",V,
@5330Munkebo,https://twitter.com/5330Munkebo,Bo Sandberg,Folketingskandidat,Venstre,"""#02438E""","""#E97113""",V,
@bo_sandroos,https://twitter.com/bo_sandroos,Bo Sandroos,Folketingskandidat,Venstre,"""#02438E""","""#E97113""",V,
@PedersenCas,https://twitter.com/PedersenCas,Casper Pedersen,Folketingskandidat,Venstre,"""#02438E""","""#E97113""",V,
@BisserupC,https://twitter.com/BisserupC,Charlotte Bisserup Bechfeldt,Folketingskandidat,Venstre,"""#02438E""","""#E97113""",V,
@ChrisHPreuss,https://twitter.com/ChrisHPreuss,Chris Borup Preuss,Folketingskandidat,Venstre,"""#02438E""","""#E97113""",V,
@ChristofferMels,https://twitter.com/ChristofferMels,Christoffer Melson,MF,Venstre,"""#02438E""","""#E97113""",V,
@RustDitte,https://twitter.com/RustDitte,Ditte Rust,Folketingskandidat,Venstre,"""#02438E""","""#E97113""",V,
@gustavsjuul,https://twitter.com/gustavsjuul,Gustav Juul,Folketingskandidat,Venstre,"""#02438E""","""#E97113""",V,
@BuchhaveHenrik,https://twitter.com/BuchhaveHenrik,Henrik Buchhave,Folketingskandidat,Venstre,"""#02438E""","""#E97113""",V,
@ibenkr2,https://twitter.com/ibenkr2,Iben Krog Rasmussen,Folketingskandidat,Venstre,"""#02438E""","""#E97113""",V,
@Jacob_Panton,https://twitter.com/Jacob_Panton,Jacob Panton,Folketingskandidat,Venstre,"""#02438E""","""#E97113""",V,
@jacobchrnielsen,https://twitter.com/jacobchrnielsen,Jacob Chr. Nielsen,Folketingskandidat,Venstre,"""#02438E""","""#E97113""",V,
@MatthiesenJarl,https://twitter.com/MatthiesenJarl,Jarl Matthiesen,Folketingskandidat,Venstre,"""#02438E""","""#E97113""",V,
@JensKloppenborg,https://twitter.com/JensKloppenborg,Jens Kloppenborg,Folketingskandidat,Venstre,"""#02438E""","""#E97113""",V,
@KenKristensenDK,https://twitter.com/KenKristensenDK,Ken Kristensen,Folketingskandidat,Venstre,"""#02438E""","""#E97113""",V,
@KlausSandfeld,https://twitter.com/KlausSandfeld,Klaus Sandfeld,Folketingskandidat,Venstre,"""#02438E""","""#E97113""",V,
@LennartHartman1,https://twitter.com/LennartHartman1,Lennart Hartmann Nielsen,Folketingskandidat,Venstre,"""#02438E""","""#E97113""",V,
@LineaLidell,https://twitter.com/LineaLidell,Linea S√∏gaard-Lidell,Folketingskandidat,Venstre,"""#02438E""","""#E97113""",V,
@LoneKastberg,https://twitter.com/LoneKastberg,Lone Kastberg,Folketingskandidat,Venstre,"""#02438E""","""#E97113""",V,
@GrandjeaMalene,https://twitter.com/GrandjeaMalene,Malene Grandjean,Folketingskandidat,Venstre,"""#02438E""","""#E97113""",V,
@Marcusdaniels94,https://twitter.com/Marcusdaniels94,Marcus Danielsson,Folketingskandidat,Venstre,"""#02438E""","""#E97113""",V,
@MLynghj,https://twitter.com/MLynghj,Marianne Lyngh√∏j,Folketingskandidat,Venstre,"""#02438E""","""#E97113""",V,
@MathiasRinaldo1,https://twitter.com/MathiasRinaldo1,Mathias Rinaldo,Folketingskandidat,Venstre,"""#02438E""","""#E97113""",V,
@NielsBladt,https://twitter.com/NielsBladt,Niels Henning Bladt,Folketingskandidat,Venstre,"""#02438E""","""#E97113""",V,
@nikolaj_leed,https://twitter.com/nikolaj_leed,Nikolaj Henriksen,Folketingskandidat,Venstre,"""#02438E""","""#E97113""",V,
@FriisHauge,https://twitter.com/FriisHauge,Preben Friis-Hauge,Folketingskandidat,Venstre,"""#02438E""","""#E97113""",V,
@rasmushylleberg,https://twitter.com/rasmushylleberg,Rasmus Hylleberg,Folketingskandidat,Venstre,"""#02438E""","""#E97113""",V,
@vejsmose,https://twitter.com/vejsmose,Ricki Vejsmose,Folketingskandidat,Venstre,"""#02438E""","""#E97113""",V,
@StephanArnoldDK,https://twitter.com/StephanArnoldDK,Stephan Arnold,Folketingskandidat,Venstre,"""#02438E""","""#E97113""",V,
@thomas_elong,https://twitter.com/thomas_elong,Thomas Elong,Folketingskandidat,Venstre,"""#02438E""","""#E97113""",V,
@HolchTilde,https://twitter.com/HolchTilde,Tilde Holch Duedahl,Folketingskandidat,Venstre,"""#02438E""","""#E97113""",V,
@tinalund81,https://twitter.com/tinalund81,Tina Lund S√∏rensen,Folketingskandidat,Venstre,"""#02438E""","""#E97113""",V,
@Torstenschack,https://twitter.com/Torstenschack,Torsten Schack,MF,Venstre,"""#02438E""","""#E97113""",V,
@UlrichFredberg,https://twitter.com/UlrichFredberg,Ulrich Fredberg,Folketingskandidat,Venstre,"""#02438E""","""#E97113""",V,
@SSkaale,https://twitter.com/SSkaale,Sjurdur Skaale,MF,Javna√∞arflokkurin,Nordatlanten,Nordatlanten,Nordatlanten,
@Sambandsflokkur,https://twitter.com/Sambandsflokkur,Sambandsflokkurin,Parti,Sambandsflokkurin,Nordatlanten,Nordatlanten,Nordatlanten,
@Javnadarflokkur,https://twitter.com/Javnadarflokkur,Javna√∞arflokkurin,Parti,Javna√∞arflokkurin,Nordatlanten,Nordatlanten,Nordatlanten,
@Siumut,https://twitter.com/Siumut,Siumut,Parti,Siumut,Nordatlanten,Nordatlanten,Nordatlanten,